Bloco;Bairro;Data;Desfile;Local da Concentraçao;Percurso;Público Estimado
Bloco da Ansiedade;Centro;03/02/2018;16:00;Boulevard Olímpico em frente ao hotpital maternidade Praça XV;-;5000
Dois Pra Lá, Dois Pra Cá;Botafogo;10/02/2018;10:00;Rua Álvaro Ramos, 11;Álvaro Ramos, R. General Goes Monteiro, Av. Lauro Sodré, Túnel Novo (lado esquerdo), Av. Princesa isabel e Av. Atlântica;1000
Blocão de Copacabana;Copacabana;04/02/2018;09:00;Posto 6 de Copacabana (Sofitel);Av Atlantica do Posto 6 ao posto 5;1000
Vai Tomar no Grajaú;Grajaú;04/02/2018;17:00;Av Engenheiro Richard 105;Av Engenheiro Richard, Praça Edmundo Rego, Av Engenheiro Richard;800
Ilha Encosta que Ele Cresce;Ilha do Governador;03/02/2018;16:00;Praça Jerusalém;Av. Alves Câmara Junior (Praia da Bica), da Praça Jerusalém até o nº 1.191 (Farol da Ilha);900
Foliões do Rio;Ilha do Governador;28/01/2018;14:00;Praça Jerusalém;Av. Alves Câmara Junior (Praia da Bica), da Praça Jerusalém até o nº 819 (Quiosque 22);3500
Boca Maldita;Copacabana;12/02/2018;17:00;Rua Paula Freitas Esquina Com Av. Atlantica;Av. Atlântica com Paula Freitas, até a Rodolfo Dantas e retorna ao local de origem.;3000
Choppinho da Paula Freitas com Boca Maldita;Copacabana;11/02/2018;17:00;Rua Paula Freitas, esquina com Avenida Atlântica;Av. Atlântica com Paula Freitas, até a Rodolfo Dantas e retorna ao local de origem.;2000
Afoxé Filhos de Gandhi;Copacabana;12/02/2018;17:00;Posto 6 de Copacabana;Av. Atlântica do Posto 6 ao Posto 4;2000
Bloco Afro Afoxé Ile Ala;Copacabana;12/02/2018;15:00;Posto 6 de Copacabana;Av. Atlântica do Posto 6 ao Posto 4;500
Pra que Juízo;Vila da Penha;27/01/2018;18:00;Largo do Bicão;Av. Braz de Pina (Altura do Mc Donalds) seguindo até a Rua Oliveira Belo;2000
Pra que Juízo;Vila da Penha;03/02/2018;18:00;Largo do Bicão;Av. Braz de Pina (Altura do Mc Donalds) seguindo até a Rua Oliveira Belo;2000
Bloco da Chaleira do Vidigal;Leblon;04/02/2018;15:00;Av. Delfim Moreira com Jardim de Alah;Av. Delfim Moreira com Jardim de Alah até o final da Avenida. (Posto 12);700
Bloco da Chaleira do Vidigal;Leblon;11/02/2018;15:00;Av. Delfim Moreira esquina com Jardim de Alah;Av. Delfim Moreira com Jardim de Alah até o final da Avenida. (Posto 12);700
Empurra que Pega do Leblon;Leblon;13/02/2018;15:00;Av. Delfim Moreira;Av. Delfim Moreira do Posto 12 até o posto 11;15000
Lagarto Mama de Campo Grande;Campo Grande;12/02/2018;15:00;Av. Glicinia com Estrada do Cabuçu;Av. Glicinia até entrada do Lameirão;2800
Rir Pra Não Chorar;Recreio dos Bandeirantes;10/02/2018;10:00;Posto 10;Av. Lúcio Costa do Posto 10 ao 9;700
Banda do Lido;Copacabana;09/02/2018;17:00;Rua Ronald de Carvalho entre a Rua Viveiros de Castro e Av. Nossa Senhora de Copacabana;Av. Nossa Senhora de Copacabana, Av. Prado Junior, Av. Atlântica, Av. Duvivier até a Rua Rolnald Carvalho;3000
Tá Pirando, Pirado, Pirou!;Urca;04/02/2018;15:00;Av. Pasteur, em frente ao Instituto Benjamim Constant, nº 404;Av. Pasteur, do Instituto Benjamim Constant até a Praca General Tibúrcio;3000
Chame Gente;São Conrado;20/01/2018;10:00;Av. Prefeito Mendes de Moraes, esquina com Rua Herbert Moses;Av. Prefeito Mendes de Moraes, da Rua Herbert Moses até o Hotel Golden Tulip;20000
Afroreggae;Centro;12/02/2018;10:00;Presidente Antonio Carlos;Av. Presidente Antonio Carlos até a Rua Araujo Porto Alegre;80000
Harmonia de Copacabana;Copacabana;10/02/2018;16:00;Avenida Atlântica esquina da Siqueira Campos;Avenida Atlantica da Siqueira Campos até a Rua República do Perú e retornando a Concentração.;4000
Empolga às 9;Copacabana;10/02/2018;11:00;Avenida Atlântica, esquina com a Av. Rainha Elizabeth;Avenida Atlântica, da Av. Rainha Elizabeth até a Rua Constate Ramos;2500
Broxadão;Copacabana;18/02/2018;16:00;Avenida Atlântica, esquina com Rua Figueiredo de Magalhães;Avenida Atlântica, da Figueiredo de Magalhães até a República do Peru, retornando ao local de concentração;700
Gladiadores de Copacabana;Copacabana;11/02/2018;16:00;Avenida Atlântica, esquina com Rua Constante Ramos;Avenida Atlântica, da Rua Constante Ramos até a Rua Hilário de Gouveia;2000
Clube do Samba;Copacabana;13/02/2018;18:00;Avenida Atlântica, em frente a Rua Santa Clara;Avenida Atlântica, da Rua Santa Clara indo em direção ao posto 6 - Constante Ramos - Barão de Ipanema - Bolivar - Xavier da Silveira - Miguel Lemos - Djalma Urich - Sá Ferreira;1000
Confraria do Peru Sadio;Leme;10/02/2018;16:00;Avenida Atlântica, 514 (em frente ao Sindicato do Chopp);Avenida Atlântica, seguindo até a esquina da Princesa Isabel e retornando pela Av. Atlantica até o Posto 01;1500
Tira a Roupa Neném;Quintino Bocaiúva;04/02/2018;19:00;Rua Cupertino;Avenida Dom Helder Camara, a partir da Rua da Pedreira a Rua Amália;4000
Perereca do Grajaú;Grajaú;11/02/2018;18:00;Praça Edmundo Rego;Avenida Engenheiro Richard, atravessa a Barão do Bom Retiro, Rua Teodoro da Silva, Rua José Vicente, Rua Meira de Vasconcelos, Rua Farias de Brito e Largo do Verdun;1000
Sou Cheio de Amor;Recreio dos Bandeirantes;10/02/2018;16:00;Av. Lucio Costa 3300 BarraMares;Avenida Lucio Costa 3300 até a Praça do Ó;600
Bater Funk;Recreio dos Bandeirantes;17/02/2018;14:00;Posto 10 do Recreio;Avenida Lucio Costa dos Postos 10 ao 09;5000
Tô no Recreio;Recreio dos Bandeirantes;18/02/2018;16:00;Avenida Lucio Costa, em frente ao Posto 10;Avenida Lucio Costa, do Posto 10 até entrada da Praia da Reserva;1000
Bloco dos Cachaças;Barra da Tijuca;13/02/2018;15:00;Av. Lucio Costa 3604;Avenida Lucio Costa, em frente ao nº 3604 - Calçadão da praia;1000
Divas do Recreio;Recreio dos Bandeirantes;12/02/2018;16:30;Avenida Lucio Costa 16,304 (Quiosque Terapia);Avenida Lucio Costa, Segue até o Posto 9 e retorna a origem;3000
Ai, Que Vergonha!;São Conrado;11/02/2018;17:00;Avenida Prefeito Mendes de Moraes, em frente ao Posto 12;Avenida Prefeito Mendes de Moraes, Avenida Aquarela do Brasil e Rua Berta Lutz 80;900
Meu Bem, Volto Já;Leme;13/02/2018;17:00;Avenida Princesa Isabel esquina com Ministro Viveiros de Castro;Avenida Princesa Isabel, Avenida Atlântica, seguindo até a Pedra do Leme;1000
Rio Maracatu;Ipanema;13/02/2018;10:00;Avenida Vieira Souto, em frente ao Posto 8;Avenida Vieira Souto, do Posto 8 até o posto 9;5000
Conjunto Habitacional Barangal;Ipanema;18/02/2018;10:30;Avenida Vieira Souto, em frente ao Posto 9;Avenida Vieira Souto, do Posto 9 a Sala Cecília Meirelles, retornando ao Posto 9;150
Escravos da Mauá;Saúde;04/02/2018;18:00;Barão de Tefé (entre Venezuela e Boulevard Olímpico);Barão de Tefé (entre Venezuela e Boulevard Olímpico), Venezuela, Sacadura Cabral e Barão de Tefé 27;10000
Banda de Vila Isabel;Vila isabel;03/02/2018;18:00;Praça 7;Barão do São Francisco, Teodoro da Silva, Gonzaga Bastos, 28 de Setembro pista de direita até Visconde de abaeté;3000
Chouriço Alegre;Oswaldo Cruz;12/02/2018;16:00;Beco Henedina;Beco do henedina, rua Henrique de Melo, beco manoel aires , Beco do henedina.;200
Piranhas da Senador Nabuco;Vila isabel;11/02/2018;18:00;Praça Barão de Drummond;Boulevard 28 de Setembro, da Praça Barão de Drummond até esquina com Rua Visconde de Abaeté, retornando pelo Boulevard 28 de Setembro, Rua Luis Barbosa, Rua Torres Homem e Praça Noel Rosa;1000
7 de Paus;Vila isabel;18/02/2018;20:00;Av. 28 de Setembro c/ Rua Visc. De Abaeté;Boulevard 28 de Setembro, da Rua Visconde de Abaeté até a Praça Barão de Drummond;1000
Afro Dan Ara;Vila isabel;10/02/2018;19:00;Boulevard 28 de Setembro, esquina com Visconde de Abaeté;Boulevard 28 de Setembro, da Rua Visconde de Abaeté até a Praça Barão de Drummond, voltando pelo Boulevard 28 de Setembro até a Visconde de Abaeté;300
Mulheres da Vila;Vila isabel;13/02/2018;17:00;Boulevard 28 de Setembro, esquina com Rua Gonzaga Bastos;Boulevard 28 de Setembro, esquina c/ Rua Gonzaga Bastos, seguindo pela 28 de setembro até a escola Vila Isabel;500
Meia Dúzia de Gatos Pingados;Bangu;09/02/2018;19:00;Avenida Cônego Vasconcelos, em frente a Estação de Bangu;Calçadão de Bangu, até Largo de Bangu (igreja);300
Cornos e Simpatizantes;Manguinhos;13/02/2018;18:00;Av. Dos Democráticos 112;Caminho dos Democráticos próximo a Suípa ate Av. dos Democráticos altura Rua José Rubino.;600
Spanta Neném;Lagoa;27/01/2018;13:00;Corte do Cantagalo;Ciclovia da Lagoa, do Corte do Cantagalo até o Clube Caiçaras;5000
O Remédio é o Samba;Copacabana;10/02/2018;19:00;Avenida Atlântica com Xavier Silveira;Concentra na esquina da Av. Atlântica com a Xavier da Silveira e segue em direção ao posto 6, retornando ao local da concentração;1000
Mocidade de Santíssimo;Santíssimo;11/02/2018;21:00;Rua Augusto Brandão;Concentração Augusto Brandão e dando início ao desfile na rua Teixeira Campos e terminando na Rua Alves Dias;1000
Afoxé Raizes Africanas;Copacabana;12/02/2018;17:00;Posto 6 de Copacabana;Concentração Colonia dos pescadores, Xavier da Silveira;150
Bloco Quilombo Cafundá Astrogilda;Vargem Grande;11/02/2018;18:00;Concentração na comunidade Quilombo Astrogilda;Concentração na comunidade Quilombo Astrogilda, núcleo Cafunda Dramice, Bar Cantinho da Serra, Bar do na Boa e finalizando pela estrada do Macuiba até o largo de Vargem Grande;200
Bloco Tapa na Peteca;Bonsucesso;04/02/2018;17:00;R. João Araújo;Concentração na Rua João Araújo S/N em frente a Associação dos moradores, segue em direção a rua principal, vira a direita na rua Teixeira Ribeiro, segue até o número 650;2000
Banda de Bangu;Bangu;10/02/2018;19:00;Av. Conego Vasconcelos 1029;Desce a Av. Conego Vasconcelos, entra na Rua Oliveira Ribeiro, desce a Rua Silva Cardoso, entra na Rua Santa Cecília, Sobe a Conego Vasconcelos e encerra no número 1029;200
Fala Bobagem;Vila da Penha;04/02/2018;16:00;Praça Paulo Setúbal;Desfile no entorno da Praça Paulo Setúbal;900
Carmelitas;Santa Teresa;09/02/2018;15:00;Esquina da ladeira de Santa Teresa com Rua Dias de Barros;Esquina da ladeira de Santa Teresa com Rua Dias de Barros, segundo até o Largo dos Guimarães;800
Alegria do São Bento;Padre Miguel;12/02/2018;18:00;Rua Sidney;Esquina da Rua Sidney Nº40, Rua Figueiredo camargo e retorna para a Rua Sidney Nº40;800
Cabrito Mamador;Ilha do Governador;11/02/2018;12:00;Rua São Sebastião;Estrada do Dendê, Rua Prof. Hilarião da Rocha, Rua Capanema, Av. Paranapuan, Estrada do Dendê e Rua São Sebastião;1500
Tribo Cacuia;Ilha do Governador;13/02/2018;18:00;Estrada do Cacuia c/ Estrada do Galeão;Estrada do Galeão até Rua Mileto Maciel retorna pelo mesmo percurso até Rua Sargento João Lopes c/ Estrada do Cacuia;10000
Banda do Pechincha;Pechincha;03/02/2018;14:00;Largo do Pechincha;Estrada do Pau Ferro, do nº 15 ao nº 240;10000
Oswaldo Cruz Maravilha;Oswaldo Cruz;10/02/2018;17:00;Estrada do Portela – Império Serrano;Estrada do Portela Império Serrano até a praça Paulo da Portela;3000
Bloco dos Palhacinhos;Brás de Pina;11/02/2018;19:30;Estrada do Quitungo, 1221;Estrada do Quitungo, do nº 1221 ate no 1970 e retorna a origem.;800
Mocidade Unida de Magalhães Bastos;Magalhães Bastos;12/02/2018;21:00;Estrada General Canrobert da Costa, esquina com Rua Carinhanha;Estrada General Canrobert da Costa sentido Vila Militar até Bonina e retorna a origem;1500
MultiBloco;Lapa;10/02/2018;09:00;Rua do Senado;Gomes Freire Rua do Resende;1250
Não deixe o Rock morrer;Botafogo;12/02/2018;16:00;Rua Alvaro Ramos;Inicio na Rua Alvaro Ramos, Assis Bueno, Arnaldo Quintela, Rua da Passagem, Rua Alvaro Ramos.;1500
Bloco Carnavalesco Sempre Vila;Vila isabel;20/01/2018;16:00;Rua Sousa Franco;Início na Rua Sousa Franco com a esquina Torres Homem, Término na Rua Sousa Franco com 28 de Setembro;1000
Birita mas num cai;Madureira;11/02/2018;17:00;Bar do Julio Fragoso;Início: Julio Fragoso, Clara Nunes, Estrada do Portela – Retorno: Praça Paulo Portela, Estrada do Portela, Clara Nunes, Julio Fragoso.;600
Birita mas num cai;Madureira;13/02/2018;17:00;Bar do Julio Fragoso;Início: Julio Fragoso, Clara Nunes, Estrada do Portela – Retorno: Praça Paulo Portela, Estrada do Portela, Clara Nunes, Julio Fragoso.;600
Bloco Chega Mais;Piedade;11/02/2018;16:00;Rua Padre Manoel da Nóbrega;Início: Padre Manoel de Nobrega Nº114, Av Dom Helder Câmara por 600 metros, retorna no sentido Cascadura;3500
Bloco Chega Mais;Piedade;12/02/2018;16:00;Rua Padre Manoel da Nóbrega;Início: Padre Manoel de Nobrega Nº114, Av Dom Helder Câmara por 600 metros, retorna no sentido Cascadura;3500
Alegria de Palmares;Jardim Palmares;11/02/2018;16:00;Bar do Jacó;Início: Rua Soldado Elias de Souza, Rua Felisbino dos Santos, Rua Soldado Julio de Vasconcelos, Caio Basílio Junior e volta para a Rua Elias de Souza;500
Vestiu uma Camisinha Listrada e Saiu por Aí;Centro;09/02/2018;16:00;Largo da Carioca;Largo da Carioca, 13 de Maio e Cinelandia;2000
Os 300;Padre Miguel;12/02/2018;17:00;Largo da Tapiranga;Largo da Tapiranga, Rua Maria Rosa, Rua Japeju, Rua Tapiranga e Largo da Tapiranga;1000
Os 300;Padre Miguel;17/02/2018;17:00;Largo da Tapiranga;Largo da Tapiranga, Rua Maria Rosa, Rua Japeju, Rua Tapiranga e Largo da Tapiranga;1000
Aconteceu;Santa Teresa;10/02/2018;18:00;Rua Aurea;Largo das Neves, Rua Progresso, Rua Oriente, Rua Aurea;1000
Dinossauros Nacionais;Centro;12/02/2018;13:00;Largo de São Francisco de Paula;Largo de São Francisco - Parado;5000
Batuque das Meninas;Laranjeiras;14/02/2018;16:00;Praça Largo do Machado;Largo do Machado - Parado;200
Largo do Machadinho, Mas Não Largo do Suquinho;Catete;12/02/2018;09:00;Largo do Machado;Largo do Machado - Parado;2000
Largo do Machado, Mas Não Largo do Copo;Catete;13/02/2018;16:00;Largo do Machado;Largo do Machado, Rua do Catete, Arthur Bernardes, Bento Lisboa, Ministro Tavares de Lira, Conde de Baependi, Rua do Catete e Largo do Machado;2000
Aconteceu;Santa Teresa;12/02/2018;18:00;Rua Aurea;Largo dos Guimarães, Rua Paschoal , Rua Carlos Magno, Rua Monte Alegre, Rua Aurea;1000
Cheiro na Testa;Santa Teresa;13/02/2018;13:00;Largo dos Guimarães;Largo dos Guimarães, Rua Paschoal Carlos Magno, Rua Monte Alegre até a esquina com a Rua Áurea;1000
Só Caminha;Botafogo;21/01/2018;14:00;Largo dos Leões;Largo dos Leões, Rua Marques, Rua Capistrano de Abreu, Rua Conde de Irajá e Largo dos Leões;2000
Se Cair Eu Como;Ilha do Governador;28/01/2018;11:00;Praça da Freguesia;Orla da Praia da Guanabara até a Praça do Bananal (Pedra da Onça);3000
União dos Blocos da Ilha do Governador;Ilha do Governador;18/02/2018;10:00;Praça Iaiá Garcia;Parado;2000
A Nega Indoidou;Centro;11/02/2018;16:00;Rua Alvaro Alvim;Parado;1000
Aconteceu;Santa Teresa;03/02/2018;18:00;Rua Aurea;Parado;1000
Aí Sim;Tijuca;18/02/2018;14:00;Praça Xavier de Brito;Parado;800
Alegria Sem Ressaca;Copacabana;28/01/2018;09:00;Av. Atlântica, esquina com República do Perú;Parado;500
Amigos da Esquina;Engenho de Dentro;27/01/2018;15:00;Rua 2 de Fevereiro 192;Parado;1000
Amigos da Esquina de Madureira - Fla Esquina;Madureira;10/02/2018;19:00;Praça de Magno;Parado;500
Amigos da Esquina de Madureira - Fla Esquina;Madureira;11/02/2018;19:00;Praça de Magno;Parado;500
Amigos da Esquina de Madureira - Fla Esquina;Madureira;12/02/2018;19:00;Praça de Magno;Parado;500
Amigos da Esquina de Madureira - Fla Esquina;Madureira;13/02/2018;19:00;Praça de Magno;Parado;500
Amigos da Sueca da Pedro Américo;Catete;03/02/2018;18:00;Rua Pedro Américo, nº 371;Parado;1000
Amigos da Velha Guarda;Recreio dos Bandeirantes;14/02/2018;14:00;Av. Lucio Costa 16,340 (Quiosque Terapia);Parado;1000
Amigos do Wilson Alicate;Praça da Bandeira;10/02/2018;17:00;Rua São Valetim, esquina com Rua Joaquim Palhares;Parado;400
Areia;Leblon;27/01/2018;11:00;Rua Dias Ferreira, entre a Avenida Bartolomeu Mitre e a Rua General Urquiza;Parado;3500
Associação Carnavalesca Infiéis;Centro;12/02/2018;17:00;Largo Alexandre Herculano - em frente ao Real Gabinete Português de Leitura;Parado;1000
Associação Cultural e Bloco Cidade Nova;Cidade Nova;10/02/2018;11:00;Rua Julio do Carmo 251;Parado;250
Badalo de Santa Teresa;Santa Teresa;02/02/2018;16:00;Largo das Neves;Parado;1000
Bafafá;Ipanema;17/02/2018;09:00;Praia de Ipanema, Posto 9;Parado;20000
Bailinho do Capitão Trombeta;Ilha do Governador;04/02/2018;09:00;Praça Iaiá Garcia;Parado;100
Bambas do Curuzu;São Cristóvão;13/02/2018;18:00;Rua Curuzu, nº 87;Parado;1500
Banda Clube Nobre do Bairro Peixoto;Copacabana;12/02/2018;11:00;Av. Atlântica, esquina com Rua Siqueira Campos;Parado;700
Banda da Amizade;Lapa;12/02/2018;17:00;Rua Tadeu Kosciusco;Parado;1000
Banda da Glória;Glória;11/02/2018;16:00;Rua da Glória 180;Parado;500
Banda da Nega;Recreio dos Bandeirantes;13/02/2018;14:00;Av. Lucio Costa 16,200;Parado;1000
Banda da Penha;Penha;03/02/2018;20:00;Largo da Rua Couto;Parado;1000
Banda da Penha;Penha;10/02/2018;20:00;Largo da Rua Couto;Parado;1000
Banda da Penha;Penha;11/02/2018;20:00;Largo da Rua Couto;Parado;1000
Banda da Penha;Penha;12/02/2018;20:00;Largo da Rua Couto;Parado;1000
Banda da Penha;Penha;13/02/2018;20:00;Largo da Rua Couto;Parado;1000
Banda da Penha;Penha;17/02/2018;20:00;Largo da Rua Couto;Parado;1000
Banda da Praia da Bica;Ilha do Governador;04/02/2018;14:00;Quiosque Piratas Praia da Bica;Parado;3000
Banda da Saens Pena;Tijuca;28/01/2018;15:00;Praça Saens Pena, 65;Parado;200
Banda da Zulmira;Maracanã;14/01/2018;14:00;Praça Niterói - Rua Dona Zulmira e Rua Felipe Camarão;Parado;400
Banda das Quengas;Lapa;13/02/2018;18:00;No meio da Rua Washington Luiz;Parado;15000
Banda do Jiló;Tijuca;21/01/2018;14:00;Rua Pinto de Figueiredo, nº 26;Parado;1000
Banda do Largo da 2ª Feira;Tijuca;10/02/2018;18:00;Rua Conde de Bonfim, 25;Parado;6000
Banda do Village;Ilha do Governador;14/02/2018;16:00;Rua Luiz Sá, altura do número 205;Parado;1500
Banda Haddock;Tijuca;13/02/2018;18:00;Rua Afonso Pena, nº 10;Parado;2200
Bangalafumenga;Aterro do Flamengo;11/02/2018;10:00;Próximo ao Monumento dos Pracinhas;Parado;60000
Batalha dos Blocos;Recreio dos Bandeirantes;11/02/2018;16:00;Praia do Recreio Posto 10;Parado;4000
Batalha dos Blocos;Recreio dos Bandeirantes;12/02/2018;10:00;Praia do Recreio Posto 10;Parado;4000
Batalha dos Blocos;Recreio dos Bandeirantes;13/02/2018;16:00;Praia do Recreio Posto 10;Parado;4000
Batalha dos Blocos;Recreio dos Bandeirantes;14/02/2018;10:00;Praia do Recreio Posto 10;Parado;4000
Batuke Nuclear;Centro;01/02/2018;18:00;Rua da Candelária, 65, esquina com Teófilo Otoni;Parado;500
Batuke Nuclear;Centro;08/02/2018;18:00;Rua da Candelária, 65, esquina com Teófilo Otoni;Parado;500
Batuquebato;Centro;03/02/2018;10:00;Praça XV;Parado;800
Berço do Samba;Lapa;17/02/2018;20:00;Praça Cardeal Câmara (Arcos da Lapa);Parado;5000
Bigodinho Esticado;Méier;28/01/2018;17:00;Rua Adriano 300;Parado;400
Blocão da Barra;Barra da Tijuca;10/02/2018;11:00;Praça do Ó;Parado;700
Blocão da Tijuca;Tijuca;03/02/2018;10:00;Praça Saens Pena;Parado;500
Bloco Boemios do Catruz;Pedra de Guaratiba;10/02/2018;21:00;Praça Dr. Raul Capello Barrozo;Parado;1500
Bloco Boemios do Catruz;Pedra de Guaratiba;11/02/2018;21:00;Praça Dr. Raul Capello Barrozo;Parado;1500
Bloco Boemios do Catruz;Pedra de Guaratiba;12/02/2018;21:00;Praça Dr. Raul Capello Barrozo;Parado;1500
Bloco Boemios do Catruz;Pedra de Guaratiba;13/02/2018;21:00;Praça Dr. Raul Capello Barrozo;Parado;1500
Bloco Confetes e Serpentinas;Pedra de Guaratiba;10/02/2018;20:00;Praça Dr. Raul Capello Barrozo;Parado;1500
Bloco Confetes e Serpentinas;Pedra de Guaratiba;11/02/2018;20:00;Praça Dr. Raul Capello Barrozo;Parado;1500
Bloco Confetes e Serpentinas;Pedra de Guaratiba;12/02/2018;20:00;Praça Dr. Raul Capello Barrozo;Parado;1500
Bloco Confetes e Serpentinas;Pedra de Guaratiba;13/02/2018;20:00;Praça Dr. Raul Capello Barrozo;Parado;1500
Bloco Confetes e Serpentinas;Pedra de Guaratiba;16/02/2018;20:00;Praça Dr. Raul Capello Barrozo;Parado;1500
Bloco da Apuração dos Embaixadores da Folia;Lapa;14/02/2018;17:00;Av. Gomes Freire, em frente ao nº 533;Parado;500
Bloco da Mamadeira;Botafogo;03/02/2018;16:00;Praça Parque General Leandro;Parado;200
Bloco da Pracinha;Jardim Botânico;03/02/2018;12:00;Praca Pio XI;Parado;500
Bloco da Saara;Centro;03/02/2018;15:00;Praça do Mascate;Parado;300
Bloco do Brow;Ilha do Governador;16/02/2018;18:00;Praça Iaiá Garcia;Parado;1500
Bloco do Cocoloko;Barra da Tijuca;27/01/2018;10:00;Lúcio Costa (Em frente ao Ocean Front 2.930);Parado;15000
Bloco do Cocoloko;Barra da Tijuca;03/02/2018;15:00;Lúcio Costa (Em frente ao Ocean Front 2.930);Parado;15000
Bloco do Demorô;Cidade Nova;28/01/2018;14:00;Praça Coronel Castelo Branco;Parado;300
Bloco do Limão;Jardim América;13/01/2018;18:00;Praça Rivadávia C Maia;Parado;800
Bloco do Limão;Jardim América;20/01/2018;18:00;Praça Rivadávia C Maia;Parado;800
Bloco do Limão;Jardim América;27/01/2018;18:00;Praça Rivadávia C Maia;Parado;800
Bloco do Limão;Jardim América;03/02/2018;18:00;Praça Rivadávia C Maia;Parado;800
Bloco do Rock;Centro;03/02/2018;18:00;Largo de São Francisco;Parado;2000
Bloco do Rock;Ilha do Governador;09/02/2018;19:00;Praça Iaiá Garcia;Parado;1000
Bloco do UHH!;Copacabana;13/02/2018;15:00;Praça Serzedelo Correa;Parado;250
Bloco Estratégia;Centro;12/02/2018;17:00;Largo de São Francisco de Paula;Parado;5000
Bloco EVA;Barra da Tijuca;17/02/2018;12:00;Arena Blocos;Parado;10000
Bloco Favela;Méier;04/02/2018;15:00;Praça Agripino Grieco;Parado;500
Bloco Guri da Barra;Barra da Tijuca;10/02/2018;17:00;Praça do Pomar;Parado;300
Bloco Sinfônico;Centro;09/02/2018;19:00;Praça Mercado Municipal;Parado;30000
Bloco Só Te Pegando;Barra da Tijuca;11/02/2018;17:00;av. Lucio Costa posto 5;Parado;500
Bloco Só Te Pegando;Barra da Tijuca;13/02/2018;17:00;av. Lucio Costa posto 5;Parado;500
Boêmios da Lapa;Lapa;09/02/2018;19:00;Praça Cardeal Câmara (Arcos da Lapa);Parado;2000
Boêmios da Lapa;Lapa;18/02/2018;14:00;Rua Joaquim Silva;Parado;1000
Cabeça de Chave;Copacabana;13/02/2018;16:00;Rua Duvivier, nº 40;Parado;2500
Cacique de Higienópolis;Higienópolis;27/01/2018;17:00;Rua Tamiarana, esquina com Rua Darke de Mattos;Parado;500
Cadê Meu Beijo?;Ilha do Governador;27/01/2018;16:00;Rua Luis Sá – 205;Parado;2000
Caldeirão do Coqueiro;Santíssimo;09/02/2018;20:00;Praça do Coqueiro;Parado;500
Caldeirão do Coqueiro;Santíssimo;10/02/2018;20:00;Praça do Coqueiro;Parado;500
Caldeirão do Coqueiro;Santíssimo;11/02/2018;20:00;Praça do Coqueiro;Parado;500
Caldeirão do Coqueiro;Santíssimo;12/02/2018;20:00;Praça do Coqueiro;Parado;500
Caldeirão do Coqueiro;Santíssimo;13/02/2018;20:00;Praça do Coqueiro;Parado;500
Calma Amor;Irajá;27/01/2018;16:00;Praça Ferreira Souto;Parado;5000
Calma Amor;Irajá;03/02/2018;16:00;Praça Ferreira Souto;Parado;5000
Cantinho do Urubu;Madureira;10/02/2018;20:00;Estrada do Portela, em frente ao nº 350;Parado;1000
Cantinho do Urubu;Madureira;11/02/2018;20:00;Estrada do Portela, em frente ao nº 350;Parado;1000
Cantinho do Urubu;Madureira;12/02/2018;20:00;Estrada do Portela, em frente ao nº 350;Parado;1000
Cantinho do Urubu;Madureira;13/02/2018;20:00;Estrada do Portela, em frente ao nº 351;Parado;1000
Carmelitas (ENSAIO);Centro;27/01/2018;16:00;Praça Tiradentes;Parado;800
Carmelitas (ENSAIO);Centro;03/02/2018;16:00;Praça Tiradentes;Parado;800
Carrossel de Emoções;Barra da Tijuca;10/02/2018;09:00;Arena Blocos;Parado;100000
Carvalho em Pé;Botafogo;12/02/2018;12:00;Rua Visconde de Caravelas, em frente ao nº 22;Parado;700
Cata Latas do Grajaú;Grajaú;09/02/2018;20:00;Praça Nobel;Parado;450
Chinelo de Dedo;Centro;28/01/2018;17:00;Rua do Mercado 23;Parado;1000
Chroma Aqui Na Minha Mão;Centro;08/02/2018;18:00;Rua dos Arcos (Entre a Fundição e Lavradio);Parado;100
Chulé de Santa;Santa Teresa;17/02/2018;12:00;Largo do Curvelo;Parado;200
Clubinho do Samba;Méier;11/02/2018;12:00;Parado em frente ao Imperator - Dias da Cruz 170;Parado;500
Cordão do Boitatá;Centro;11/02/2018;11:00;Praça XV;Parado;50000
Cordão do Boitatá;Centro;12/02/2018;11:00;Praça XV;Parado;50000
Cordão do Prata Preta;Gamboa;27/01/2018;17:00;Praça Coronel Assumpção (Praça da Harmonia);Parado;800
Deita Mas Não Dorme;Taquara;10/02/2018;16:00;Rua Caituba;Parado;500
Deita Mas Não Dorme;Taquara;11/02/2018;16:00;Rua Caituba;Parado;500
Deita Mas Não Dorme;Taquara;12/02/2018;16:00;Rua Caituba;Parado;500
Deita Mas Não Dorme;Taquara;13/02/2018;16:00;Rua Caituba;Parado;500
Desliga da Justiça;Gávea;27/01/2018;10:00;Praça Santos Dumont;Parado;5000
Distribui Sem Juízo;Centro;07/02/2018;19:00;Rua da Quitanda entre a Rua Sete de Setembro e a Rua da Assembléia;Parado;1000
Divas do Recreio;Recreio dos Bandeirantes;21/01/2018;16:30;Quiosque 10 e Meio;Parado;3000
Diversão Brasileira;Tijuca;10/02/2018;15:00;Praça Xavier de Brito;Parado;1200
D'Jorge;Senador Camará;10/02/2018;18:00;Rua Marco Sete;Parado;600
Dragões da Riachuelo;Bairro de Fátima;13/02/2018;15:00;Rua do Senado;Parado;200
É do Pandeiro!;Laranjeiras;11/02/2018;15:00;Praça São Salvador;Parado;300
É Pequeno mas não amolece;Recreio dos Bandeirantes;20/01/2018;16:00;Praça Professor Henrique Niremberg;Parado;500
É Pequeno mas não amolece;Recreio dos Bandeirantes;27/01/2018;16:00;Praça Professor Henrique Niremberg;Parado;500
É Pequeno mas não amolece;Recreio dos Bandeirantes;03/02/2018;16:00;Praça Professor Henrique Niremberg;Parado;500
É Pequeno, mas vai Crescer;Centro;02/02/2018;19:00;Rua Alexandre Mackenzie,  esquina com Rua Senador Pompeu;Parado;400
Eco Bloco do Rio;Lapa;09/02/2018;18:00;Largo de São Francisco  (Tiradentes);Parado;3000
Embaixadores da Folia;Centro;09/02/2018;20:00;Buraco do Lume;Parado;8000
Embalo da Barão;Praça Seca;03/02/2018;14:00;Rua Barão 403;Parado;500
Empolga às 9;Ipanema;04/02/2018;16:00;Em Frente a Rua Joana Angélica;Parado;2500
Engata no Centro;Lapa;12/02/2018;17:00;Rua Ubaldino do Amaral entre Rua Carlos de Carvalho e Rua do Senado;Parado;500
Enxota que Eu Vou;Centro;13/02/2018;18:00;Praça Tiradentes;Parado;500
Estica do Flamengo;Flamengo;10/02/2018;18:00;Praça Sandro Moreira;Parado;1700
Eu Amo a Lapa;Lapa;03/02/2018;17:00;Praça Cardeal Câmara (Arcos da Lapa);Parado;1000
Eu Amo Cerveja;Lapa;17/02/2018;13:00;Praça Cardeal Câmara (Arcos da Lapa);Parado;1000
Eu Sou Eu, Jacaré é Bicho D’ Água;Vila isabel;09/02/2018;17:00;Esquina de Visc. Abaeté com Torres Homem;Parado;900
Fla Master;Barra da Tijuca;03/02/2018;14:00;AV. LUCIO COSTA EM FRENTE AO 3604 - CALÇADÃO;Parado;1000
Fogo e Paixão;Centro;04/02/2018;10:00;Largo de São Francisco;Parado;10000
Foliões da Prainha;Saúde;04/02/2018;10:00;Largo São Francisco da Prainha;Parado;500
Galo da Santa Clara;Copacabana;10/02/2018;17:00;Rua Henrique Oswald 431;Parado;1500
Gambá Cheiroso;Jacarepaguá;13/02/2018;17:00;Rua Bruno Giorgi s/n - Anfiteatro;Parado;1000
Guri da Merck;Taquara;14/02/2018;19:00;Praça Albert Sabin (Praça da Merck);Parado;1000
Já Comi Pior Pagando;Tijuca;03/02/2018;16:00;Rua Leite de Abreu;Parado;1000
Larga a Onça, Alfredo! - Ensaio;Laranjeiras;20/01/2018;18:00;Praça São Salvador;Parado;2000
Lexa – Vem Que To Querendo;Bangu;03/02/2018;15:00;Praça da Fé;Parado;2000
Malandragem do Porto;Santo Cristo;04/02/2018;16:00;Rua Nabuco de Freitas com Marques de Sapucaí;Parado;300
Maravilhas do Porto;Saúde;10/02/2018;11:00;Largo São Francisco da Prainha;Parado;400
Marcha Nerd;Tijuca;11/02/2018;15:00;Praça Xavier de Brito;Parado;900
Maresia;Botafogo;11/02/2018;11:00;Enseada de Botafogo;Parado;200
Me Engana Que Eu Gosto;Botafogo;03/02/2018;16:00;Praça Jóia Valansi;Parado;1000
Mini Bloco;Tijuca;03/02/2018;09:00;Praça Xavier de Brito;Parado;900
Morde e Pica Toda Hora;Jacarepaguá;03/02/2018;15:00;Rua Jorge Faraj;Parado;200
Morde e Pica Toda Hora;Jacarepaguá;04/02/2018;15:00;Rua Jorge Faraj;Parado;200
Mulheres de Chico;Leme;17/02/2018;15:00;Praia do Leme, próximo ao Costão;Parado;50000
MultiBloco (Ensaio);Lapa;28/01/2018;16:00;Rua dos Inválidos;Parado;250
New Kids On The Bloco;São Conrado;10/02/2018;08:00;São Conrado, Em frente ao Golfe Clube, parado;Parado;5000
Ninho dos Cobras;Centro;02/02/2018;19:30;Largo São Francisco da Prainha;Parado;800
Nós 4 Na Pista;Ilha do Governador;10/02/2018;15:00;Praia da Engenhoca (Final);Parado;500
Olha Pá Mim;Tijuca;10/02/2018;16:00;Praça Afonso Pena;Parado;500
Onda Carioca;Recreio dos Bandeirantes;04/02/2018;11:00;Praça Dr. Eurico Alencastro Massot;Parado;700
Os Filhos da P!;Lagoa;14/02/2018;15:00;Parque das Figueiras;Parado;5000
Parei de Beber, Não de Mentir!;Curicica;03/02/2018;15:00;Praça do Bandolim;Parado;3000
Pega Rex Social Clube;Ipanema;12/02/2018;17:00;Praça Nossa Senhora da Paz;Parado;600
Pérola da Guanabara;Ilha de Paquetá;03/02/2018;14:00;Praça São Roque;Parado;10000
Picada de Primeira;Lapa;12/02/2018;18:00;Rua dos Arcos 24;Parado;3000
Pipoca e Guanará;Tijuca;04/02/2018;17:00;Praça Xavier de Brito;Parado;500
Plantão Bom é Sambaia;Vila isabel;03/02/2018;13:00;Praça Maracanã (em frente a UERJ);Parado;100
Põe na Quentinha?;Centro;20/01/2018;14:00;Rua Conselheiro Saraiva, em frente ao nº 39;Parado;1500
Põe na Quentinha?;Centro;03/02/2018;14:00;Rua Conselheiro Saraiva, em frente ao nº 39;Parado;1500
Pra Se Apaixonar;Quintino Bocaiúva;28/01/2018;19:00;Rua Vital, esquina com Rua Nogueira;Parado;4000
Quem Num Guenta Bebe Água;Laranjeiras;04/02/2018;14:00;Rua Gago Coutinho 37;Parado;4000
Quer Swingar Vem Pra Cá;Vila isabel;11/02/2018;11:00;Praça Barão de Drumond;Parado;1000
Rebarbas;Botafogo;10/02/2018;15:00;Praça Mauro Duarte;Parado;2500
Regula Mas Libera;Centro;07/02/2018;18:00;Rua Teofilo Otoni;Parado;500
Rio Pandeiro;Laranjeiras;03/02/2018;13:00;Praça São Salvador;Parado;600
Sargento Pimenta;Aterro do Flamengo;12/02/2018;10:00;Aterro do Flamengo, entre o Mam e a Marina da Glória;Parado;60000
Se Concentra mas Não Sai e Caldeirão;Campo Grande;27/01/2018;16:00;Rua Ministro Carlos Medeiros;Parado;500
Se Deixar Eu Boto;Pavuna;27/01/2018;20:00;Rua Sargento Manoel Chagas com Rua Capitão Gouveia;Parado;1200
Se Deixar Eu Boto;Pavuna;03/02/2018;20:00;Rua Sargento Manoel Chagas com Rua Capitão Gouveia;Parado;1200
Se Essa Rua Fosse Minha;Flamengo;17/02/2018;12:00;Praça Sandro Moreira;Parado;1500
Seu Kuka é Eu do Grajaú;Grajaú;13/01/2018;16:00;Largo Maria Martha Ward;Parado;1200
Seu Kuka é Eu do Grajaú;Grajaú;20/01/2018;16:00;Largo Maria Martha Ward;Parado;1200
Seu Kuka é Eu do Grajaú;Grajaú;27/01/2018;16:00;Largo Maria Martha Ward;Parado;1200
Seu Kuka é Eu do Grajaú;Grajaú;03/02/2018;16:00;Largo Maria Martha Ward;Parado;1200
Só o Cume Interessa;Urca;03/02/2018;13:00;Praça General Tibúrcio;Parado;300
Sou Cheio de Amor;Copacabana;12/02/2018;13:00;Av. Atlantica 2964;Parado;1000
Sufridos de Copacabana;Copacabana;17/02/2018;16:00;Praça Manuel Campos da Paz (Rua Iangá);Parado;400
Superbacana;Tijuca;17/02/2018;16:00;Praça Afonso Pena;Parado;600
Tamo Junto in Folia;Padre Miguel;04/02/2018;18:00;Rua Marechal Marciano, esquina com Santana de Ipanema (Praça das Juras);Parado;60000
Tamo Junto in Folia;Padre Miguel;18/02/2018;18:00;Rua Figueiredo Camargo com Rua Irerê;Parado;60000
Te Vejo Por Dentro... Sou da Radiologia;Lapa;09/02/2018;19:00;Rua Joaquim Silva 15;Parado;1000
Thriller Elétrico;Vila isabel;11/02/2018;10:00;Praça Barão de Drummond;Parado;3000
Timoneiros da Viola;Oswaldo Cruz;04/02/2018;14:00;Praça Paulo da Portela;Parado;50000
Toca Rauuul!;Centro;11/02/2018;16:00;Praça Tiradentes;Parado;1000
Toco-Xona;Flamengo;11/02/2018;12:00;Praia do Flamengo 340 (campo de terra);Parado;2000
Tudo Nosso Tamo Junto;Copacabana;28/01/2018;13:00;Rua Ronald de Carvalho 161;Parado;300
Tudubloco;Madureira;13/02/2018;11:00;Parque Madureira;Parado;10000
Turbilhão Carioca;Lagoa;12/02/2018;12:00;Parque dos Patins;Parado;1000
Último Gole;Lagoa;13/02/2018;16:00;Parque dos Patins;Parado;3000
Vaca Atolada dos Embaixadores da Folia;Lapa;17/02/2018;17:00;Av. Gomes Freire, em frente ao nº 533;Parado;800
Vai Tomar no Azul;Engenho de Dentro;11/02/2018;15:00;Rua Pernambuco 874;Parado;500
Vem Mamar;Jacarepaguá;03/02/2018;16:00;Largo da Capela;Parado;300
Vestiu uma Camisinha Listrada e Saiu por Aí;Centro;26/01/2018;19:00;Buraco do Lume;Parado;2000
Xodó da Piedade;Piedade;07/01/2018;18:00;Rua Mario Carpenter, Esquina com Angelina;Parado;1500
Xodó da Piedade;Piedade;14/01/2018;17:00;Rua Mario Carpenter, Esquina com Angelina;Parado;1500
Xodó da Piedade;Piedade;21/01/2018;17:00;Rua Mario Carpenter, Esquina com Angelina;Parado;1500
Xodó da Piedade;Piedade;28/01/2018;17:00;Rua Mario Carpenter, Esquina com Angelina;Parado;1500
Xodó da Piedade;Piedade;04/02/2018;17:00;Rua Mario Carpenter, Esquina com Angelina;Parado;1500
Aquilah;Madureira;03/02/2018;16:30;Parque de Madureira portão 03;Parque de Madureira portão 03, saindo pela pista até o portão 02 e retornando pelo mesmo local;450
Giro do Arar;Madureira;18/02/2018;11:00;Parque Madureira;Parque Madureira;10000
Amigos da Onça;Flamengo;14/02/2018;07:00;Praia do Flamengo;Pista interna da Praia do Flamengo;20000
Banda do Recreio;Recreio dos Bandeirantes;11/02/2018;14:00;Posto 10;Posto 10 do Recreio ao Posto 9.;3000
Bloco D' Samba;Recreio dos Bandeirantes;03/02/2018;12:00;Posto 10 do Recreio;Posto 10 do Recreio ao Posto 9.;3000
Seu Veneno Me Alimenta;Recreio dos Bandeirantes;18/02/2018;14:00;Posto 10 do Recreio;Posto 10 do Recreio ao Posto 9.;5000
Toco Crú Pegando Fogo;Recreio dos Bandeirantes;04/02/2018;14:00;Posto 10 do Recreio;Posto 10 do Recreio ao Posto 9.;10000
Batucada Abençoada;Copacabana;12/02/2018;10:00;Concentração em Frente ao Forte de Copacabana;Posto 6 ao posto 5;3000
Bloco da Urubuzada;Tijuca;03/02/2018;15:00;Praça Afonso Pena;"Praça Afonso Pena, Rua Campos Sales, Rua Mariz e Barros, R. Afonso Pena terminando na Praça novamente.";1000
Banda da Praça Afonso Pena;Tijuca;04/02/2018;17:00;Praça Afonso Pena;Praça Afonso Pena, Rua Professor Satamini, Rua São Francisco Xavier, Largo da 2ª Feira, Rua Haddock Lobo, Rua Campos Sales e Praca Afonso Pena;1000
Bloco Brasil;Leme;03/02/2018;12:00;Praça Almirante Julio de Noronha;Praça Almirante Julio de Noronha - Parado;10000
Fiquei Firme;Saúde;10/02/2018;18:00;Praça Américo Brum;Praça Américo Brum, Ladeira do Barroso, Ladeira do Livramento, Rua Sacadura Cabral e Largo São Francisco da Prainha;500
Bloco do Limão;Jardim América;13/02/2018;18:00;Praça Rivadavia C Maia;Praça Andrade Neves, Rua Monsenhor Castelo Branco, Rua Ministro Artur Costa, Rua George Bizet, Rua Franz Liszt, Rua Debussy, Rua Ministro Artur Costa, Rua Viana do Casteloo e Praça Andrade Neves;800
Batuke Imperial;São Cristóvão;03/02/2018;16:00;Praça Carmela Dutra;Praça Carmela Dutra, Rua Gal Almeiro de Moura, Rua Teixeira Junior, Rua São Januário, Rua Gal Argolo, Rua Gal José Cristino, Largo do Viana;800
Fanfarani;Botafogo;11/02/2018;15:00;Praça Chaim Weizman;Praça Chaim Weizman - Parado;850
Fanfinha;Botafogo;11/02/2018;10:00;Praça Chaim Weizman;Praça Chaim Weizman - Parado;600
Papudinho do Rio Comprido;Rio Comprido;18/02/2018;14:00;Praça Condessa Paulo de Frontin;Praça Condessa Paulo de Frontin, Rua Estrela, Rua Itapiru, Rua Caetano Martins, Rua Campos da Paz, Rua Aristides Lobo e Praça Condessa Paulo de Frontin;100
Pela Saco;Botafogo;17/02/2018;18:00;Praça Corumbá;Praça Corumbá, Rua São Clemente, Rua Real Grandeza, Rua Voluntários da Pátria, Rua da Matriz e Praça Corumbá;5000
Cordão do Prata Preta;Gamboa;10/02/2018;18:00;Praça Coronel Assumpção (Praça da Harmonia);Praça da Harmonia, Sacadura Cabral e Largo São Francisco da Prainha;800
Banda do Lidinho;Copacabana;11/02/2018;15:00;Praça do Lido;Praça do Lido - Parado;1000
Bambas do Catete;Catete;11/02/2018;15:00;Praça do Poeta;Praça do Poeta - Parado;1000
Bloco do Pente;Ilha do Governador;11/02/2018;16:00;Praça dos Bancários;Praça dos Bancários, Av. das Enxadas, Praia dos Bancários;1500
Quero Exibir Meu Longa;Tijuca;13/02/2018;11:30;Praça Gabriel Soares;Praça Gabriel Soares, Rua José Higino, Rua Conde de Bonfim, Rua Henry Ford, Rua Desembargador Isidro, Praça Gabriel Soares;480
Banda de Ipanema - Ensaio;Ipanema;20/01/2018;17:30;Praca General Osório;Praça General Osório - Parado;5000
Banda de Ipanema - HOMENAGEM;Ipanema;17/02/2018;17:30;Praca General Osório;Praça General Osório - Parado;5000
Banda de Ipanema Infantil;Ipanema;12/02/2018;16:00;Praca General Osório;Praça General Osório - Parado;10000
Block`n Roll;Ilha do Governador;13/02/2018;18:00;Praça Iaiá Garcia;Praça Iaiá Garcia - Parado;800
Unidos da Ribeira;Ilha do Governador;04/02/2018;15:00;Praça Iaiá Garcia;Praça Iaiá Garcia, Rua Fernandes da Fonseca,  Rua Paramopama e Praça Iaiá Garcia;2000
Polvo da Ilha;Ilha do Governador;12/02/2018;11:00;Praça Iaiá Garcia;Praça Iaiá Garcia, Rua Maldonado, Estrada do Rio Jequiá, Rua Serrão, Rua Peixoto de Carvalho, Praia do Zumbi, Rua Paramopama e Praça Iaiá Garcia;500
Bloco da Familha;Ilha do Governador;03/02/2018;17:00;Praia da Bica;Praça Jerusalém seguindo até o Rei do Bacalhau;2500
Quem Vai Vai, Quem Não Vai Não Cagueta!;Ilha do Governador;04/02/2018;18:00;Praça Jerusalém;Praça Jerusalem, Praia da Bica até Quiosque do Mexicano;1000
Quem Vai Vai, Quem Não Vai Não Cagueta!;Ilha do Governador;18/02/2018;18:00;Praça Jerusalém;Praça Jerusalem, Praia da Bica até Quiosque do Mexicano;1000
Cachorro Cansado;Flamengo;11/02/2018;18:00;Praça José de Alencar;Praça José de Alencar, Rua Marquês de Abrantes, Rua Marquês de Paraná, Rua Senador Vergueiro, Rua Barão do Flamengo e Praça José de Alencar;10000
Cachorro Cansado;Flamengo;13/02/2018;18:00;Praça José de Alencar;Praça José de Alencar, Rua Marquês de Abrantes, Rua Marquês de Paraná, Rua Senador Vergueiro, Rua Barão do Flamengo e Praça José de Alencar;10000
Rio de Janeiro;Bangu;09/02/2018;17:00;Praça Lucio Leite da Costa;Praça Lucio Leite da Costa, Rua Walter Cardoso, Rua Oliveira Ribeiro, Rua Silva Cardoso, Rua Santa Cecília e Praça da Fé;1800
Banda da Conceição;Saúde;11/02/2018;18:00;Praça Major Valo;Praça major Valo, Ladeira João Homem, Rua Sacadura Cabral, Rua São Francisco da Prainha, Pedra do Sal, Jogo da Bola, Preça Major Valo;500
Amigos da Onça;Ilha do Governador;13/02/2018;17:00;Praça Manoel Bandeira;Praça Manoel Bandeira, Avenida Paranapuan e Marques de Muritiba, até o nº 685;900
Boi de Anchieta;Anchieta;11/02/2018;18:00;Praça Nossa Senho de Nazaré;Praça Nazaré, Rua Motorista Luiz de Abreu, Avenida Nazaré, Rua Motoriasta Luiz de Abreu, Praça Nazaré;2000
Boi de Anchieta;Anchieta;12/02/2018;18:00;Praça Nossa Senho de Nazaré;Praça Nazaré, Rua Motorista Luiz de Abreu, Avenida Nazaré, Rua Motoriasta Luiz de Abreu, Praça Nazaré;2000
Boi de Anchieta;Anchieta;13/02/2018;18:00;Praça Nossa Senho de Nazaré;Praça Nazaré, Rua Motorista Luiz de Abreu, Avenida Nazaré, Rua Motoriasta Luiz de Abreu, Praça Nazaré;2000
Banda do Bairro de Fátima;Bairro de Fátima;11/02/2018;11:00;Praça Presidente Aguirre Cerda;Praça Presidente Aguirre Cerda, Av. Nossa Senhora de Fatima, Rua Tadeu Kosciusko, Rua do Resende, Rua Ubaldino do Amaral, Washington, Rua Tadeu Kosciusko, Av. Nossa Senhora de Fátima.;900
É Pequeno mas não amolece;Recreio dos Bandeirantes;17/02/2018;16:00;Praça Professor Henrique Niremberg;Praça Professor Henrique Niremberg, Rua Professora Isolina Sartore, Rua Joaquim da Silveira, José Afonso Neto e Praça Professor Henrique Niremberg;500
Estica do Flamengo;Flamengo;12/02/2018;18:00;Praça Sandro Moreira;Praça Sandro Moreira, Rua Marquês de Abrantes, Rua Marquês do Paraná, Rua Senador Vergueiro, Retrona na Praça José de Alencar com a Rua Marquês de Abrantes e finaliza na Praça Sandro Moreira;1700
A Rocha da Gávea;Gávea;13/02/2018;09:00;Praça Santos Dumont;Praça Santos Dumont, Rua Marquês de São Vicente, Rua Vice-Governador Rubens Berardo e Terminal da PUC;900
Vermelho e Branco da Colônia Z-10;Ilha do Governador;11/02/2018;10:00;Praça São Pedro;Praça São Pedro, Praia do Jequiá, Rua Maldonado, Praça Iaiá Garcia, Rua Fernandes da Fonseca Rua Paramopama, Praia do Zumbi, Rua Pojuca, e Dispersão na Rua Rio Jequiá.;5000
Bagunça Meu Coreto;Laranjeiras;13/02/2018;11:00;Praça São Salvador;Praça São Salvador, Rua São Salvador, Rua Ipiranga, Rua Paissandu, Rua Senador Correa e Praca São Salvador;900
Toma Uma;Ilha de Paquetá;11/02/2018;19:00;Praia da Moreninha;Praia da Moreninha, Rua Doutor Lacerda, Praia José Bonifácio, Praça Furquim Werneck e Praça Pintor Pedro Bruno;400
Bloco dos Primos;Ilha de Paquetá;13/02/2018;17:30;Praça Ex Combatentes;Praia da Moreninha, Rua José Bonifácio, Rua Furkin Werneck, Praça Pintor Pedro Bueno.;500
Na Hora Que Se Vê;Ilha do Governador;10/02/2018;17:00;Praia da Rosa, em frente ao Governador Iate Clube;Praia da Rosa, Avenida do Magistério, Rua Aristarco Ramos, Estrada do Dendê e Praia da Rosa, voltando ao local de concentração;400
Se não quiser me dar, me empresta;Ipanema;04/02/2018;14:00;Praia de Ipanema Posto 8;Praia de Ipanema, do Posto 8 até o Quiosque da Rua Vinicius de Moraes;3000
Boêmios de Sepetiba;Sepetiba;12/02/2018;20:00;Praia de Sepetiba (Bar do Zezinho);Praia de Sepetiba, Estrada São Tarcísio, Rua Paranabi, Rua Aristides Gouveia e Rua José Higaskino;500
Mocidade Dependente de Deus;Aterro do Flamengo;13/02/2018;15:00;Praia do Flamengo  72A;PRAIA DO FLAMENGO, RUA PAISSANDÚ, RUA SENADOR VERGUEIRO, RUA DO CATETE, RUA SILVEIRA MARTINS, RETORNA A ORIGEM;800
Bloco do Camelo;Ilha de Paquetá;10/02/2018;19:00;Praia José Bonifacio;Praia José Bonifacio e Furkim Werneck;400
Turma do Copo;Ilha de Paquetá;12/02/2018;19:00;Praia José Bonifacio;Praia José Bonifacio e Rua Furkim Werneck;400
Bloco da Colônia Z-3;Ilha de Paquetá;12/02/2018;19:00;Praia José Bonifácio;Praia José Bonifácio, Rua Furquim Werneck e Praça Pintor Pedro Bruno;2000
Fecha Bar;Ilha de Paquetá;13/02/2018;19:00;Praia José Bonifácio;Praia José Bonifácio, Rua Furquim Werneck, Rua Príncipe Regente, volta para José Bonifácio;500
Bloco do Esporte Clube Jardim Guanabara;Ilha do Governador;03/02/2018;10:00;Praça Jerusalém;Prç. Jerusalém em frente ao E.C. Jardim Guanabara, Praia da bica até o Rei do bacalhau, entra na rua babaçu, retornando pela rua Mangalo, rua Henrique  Lacombe em direçao a praia da Bica, seguindo até a praça jerusalém.;800
Terreirada Cearense;São Cristóvão;10/02/2018;14:00;Quinta da Boa Vista;Quinta da Boa Vista - Parado;2500
Banda do Tijuca Tênis Clube;Tijuca;03/02/2018;19:00;Tijuca Tênis Clube;R. conde do bonfim , R. Pareto, R. santo afonso, R. general Roca, R. conde do bonfim .;1000
Folia do Galo;Copacabana;11/02/2018;16:00;Rua Julio de Castilho  esquina com Rua Raul Pompéia;R. julio de castilho, raul pompeia, Rua francisco otaviano, av. atlantica esquina c/ julio de castilho;4000
G.R.B.C. Meu Peru é Seu;Piedade;13/02/2018;16:00;R. Padre Manuel da Nobrega 79.;R. Padre Manoel da Nobrega, Av. D. Helder Camara , retorno na R. Bernardino de Campos, Av. D. H. Camara, R. Souza Cerqueira, R. Gonçalo Coelho, R. Antonio Vargas e R. Padre Manoel da Nobrega.;300
bloco carnavalesco pombo correio;Vila isabel;10/02/2018;18:00;rua visconde de abaete, N. 129;R. visconde de abaete, R. teodoro da silva, R. gonzaga bastos, Av. boulevard 28 de setembro, R. rocha fragoso.;1500
Cachorrão de Bangu;Bangu;10/02/2018;19:00;Rua 12 de Fevereiro / Santa Cecília;Rua 12 de Fevereiro, Rua Santa Cecília, Rangel Pestana;200
Bangay Folia;Bangu;18/02/2018;20:00;Rua 12 de Fevereiro / Santa Cecília;Rua 12 de Fevereiro, Rua Santa Cecília, Rua Bangu;500
Chifrorosso;Rocinha;13/02/2018;20:00;Rua 2;Rua 2 até a Estrada da Gavea 436 e retornando até origem;500
Coração das Crianças;Rocinha;10/02/2018;20:00;Rua Nova (antiga Rua 4), esquina com Estrada da Gávea;Rua 4 até Cidade Nova;600
Coração das Crianças;Rocinha;11/02/2018;20:00;Rua Nova (antiga Rua 4), esquina com Estrada da Gávea;Rua 4 até Cidade Nova;600
Coração das Crianças;Rocinha;12/02/2018;20:00;Rua Nova (antiga Rua 4), esquina com Estrada da Gávea;Rua 4 até Cidade Nova;600
Banguçando o Coreto;Bangu;13/02/2018;20:00;Rua Abaeté, esquina com Rua Francisco Real;Rua Abaeté, Rua Santa Cecília, seguindo até Rua Fonseca.;1000
Bloco do galho;Guaratiba;13/02/2018;17:30;Rua Abílio Barreto (início);Rua Abílio Barreto do início ao final da rua.;600
Mau Mau de Bangu;Bangu;11/02/2018;19:00;Rua Acanto, esquina com Rua Ajuará;Rua Acanto, Rua Ajuará, Rua Minuanos, Rua Imaruí, Rua da Fábrica, Rua dos Açudes, Rua Oliveira Ribeiro, Rua Bangu, Rua Santa Cecília e Praça da Fé;500
Bloco dos Serragens;Ilha de Paquetá;10/02/2018;15:00;Rua Adelaide Alambari 85;Rua Adelaide Alambari, Rua Alambari Luz, Praia da Moreninha, Rua Principe Regente, Praça Bom Jesus.;500
Chave de Ouro;Engenho de Dentro;14/02/2018;16:00;Rua Adolfo Bergamini (Chave de Ouro);Rua Adolfo Bergamini, Rua Ana Leonidia , Rua Dr. Bulhões, Rua Borja Reis e Rua Adolfo Bergamini, voltando ao Chave de Ouro;800
Bigode Esticado;Méier;04/02/2018;17:00;Rua Adriano 300;Rua Adriano 300, Rua Magalhães Couto, Rua Intendente Cunha Menezes e Rua Adriano.;1000
Cordão Alegria da Tijuca;Tijuca;10/02/2018;18:00;Rua Afonso Pena, entre Haddock Lobo e Doutor Satamini;Rua Afonso Pena, Rua Haddock Lobo, Rua Campos Sales, Doutor Satamini, Largo da Segunda-feira, Rua Haddock Lobo e Rua Afonso Pena;15000
Banda Haddock;Tijuca;03/02/2018;18:00;Rua Afonso Pena, nº 10;Rua Afonso Pena, Rua Haddock Lobo, Rua Campos Sales, Doutor Satamini, São Francisco Xavier, Largo da Segunda-feira, Rua Haddock Lobo e Rua Afonso Pena;2200
Vem Comigo;Vila Cosmos;10/02/2018;17:30;Rua Itacambira c/Av. Meriti;Rua Alecrim, Rua Itacambira com Rua Imbiaça.;1200
Vem Comigo;Vila Cosmos;11/02/2018;17:30;Rua Itacambira c/Av. Meriti;Rua Alecrim, Rua Itacambira com Rua Imbiaça.;1200
Vem Comigo;Vila Cosmos;12/02/2018;17:30;Rua Itacambira c/Av. Meriti;Rua Alecrim, Rua Itacambira com Rua Imbiaça.;1200
Vem Comigo;Vila Cosmos;13/02/2018;17:30;Rua Itacambira c/Av. Meriti;Rua Alecrim, Rua Itacambira com Rua Imbiaça.;1200
Volta, Alice;Laranjeiras;28/01/2018;09:00;Rua Alice, nº 1;Rua Alice, do nº 1 ao nº 550 - esquina com Mario Portela;5000
Xupa Mas Não Baba;Laranjeiras;03/02/2018;12:00;Rua Alice, nº 1;Rua Alice, do nº 1 ao nº 550 - esquina com Mario Portela;800
Céu na Terra;Santa Teresa;10/02/2018;08:00;Largo dos Guimarães;Rua Alm. Alexandrino, Largo do Curvelo;7000
Sepulta Carnaval;Engenho de Dentro;17/02/2018;17:00;Rua Ana Leonídia, esquina com Dr. Bulhões;Rua Ana Leonídia, Rua Dr. Bulhões, Rua Borja Reis, Rua Adolfo Bergamini, Rua Pernambuco, Rua Dr. Bulhões e Rua Ana Leonídia;1000
Fogo na Cueca;Copacabana;10/02/2018;14:00;Rua Anita Garibaldi;Rua Anita Garibaldi, Rua Maestro Francisco Braga, passa em frente ao Bar Pontinho, Rua Décio Vilares, Pça Vereador Rocha Leão, Rua Henrique Oswald, termina Rua Santa Clara, 431;1100
Incha Rola;Anil;04/02/2018;16:00;Rua Araticum, 703;Rua Araticum, Estrada de Jacarepaguá e Praça Jornalista Geysa Boscoli;1500
Bloco dos Gambás;Rio Comprido;28/01/2018;16:00;Rua Aristides Lobo 217;Rua Aristides Lobo até a esquina da Rua Maia de Lacerda, Retorno Aristides Lobo 217;1000
Eu Choro Curto Mas Rio Comprido;Rio Comprido;04/02/2018;17:00;Rua Aristides Lobo, 250;Rua Aristides Lobo seguindo pela mesma até a Rua Maia de Lacerda, fazendo meia volta e retornando até o ponto de origem.;1000
Bloco do Barbas;Botafogo;10/02/2018;15:30;Rua Assis Bueno, esquina com Arnaldo Quintela;Rua Arnaldo Quintela, Rua da Passagem e Rua General Góes Monteiro;5000
Senta que Eu empurro;Catete;09/02/2018;20:00;Rua Dois de Dezembro, esquina com Rua do Catete;Rua Artur Bernardes em frente ao nº26, Rua Bento Lisboa, Rua Dois de Dezembro e finalizando na esquina da Rua do Catete em frente ao restaurante Paraíso do Chopp;2500
Deixa a Língua no Varal;Tijuca;27/01/2018;18:00;Rua Barão de Mesquita, 136;Rua Barão de Mesquita, Rua Deputado Soares Filho, Praça Hilda, Rua Pareto, Rua Almirante Cochrane, Rua Santo Afonso, Rua Pinto de Figueiredo, Av. Maracanã e Rua Barão de Mesquita 136;500
Bloco das Cacheadas;Tijuca;04/02/2018;11:00;Rua Barão de Mesquita, 320;Rua Barão de Mesquita, Rua General Roca, Rua Desembargador Izidro, e Praça Saens Peña;3000
Inova que eu Gosto;Flamengo;01/02/2018;18:00;Rua Barão do Flamengo, esquina com Praia do Flamengo;Rua Barão do Flamengo, da esquina com Praia do Flamengo até a Rua Senador Vergueiro;2000
Bloco do Boi 'Só Falta Você!';Pedra de Guaratiba;11/02/2018;18:50;Rua Barros de Alarcão - Praça São Pedro;Rua Barros de Alarcão até o final da rua;200
Bloco do Boi 'Só Falta Você!';Pedra de Guaratiba;12/02/2018;18:50;Rua Barros de Alarcão - Praça São Pedro;Rua Barros de Alarcão até o final da rua;200
Bloco do Boi 'Só Falta Você!';Pedra de Guaratiba;13/02/2018;18:50;Rua Barros de Alarcão - Praça São Pedro;Rua Barros de Alarcão até o final da rua;200
Bloco da Coroinha;Pedra de Guaratiba;11/02/2018;18:00;Rua Barros de Alarcão - Praça São Pedro;Rua Barros de Alarcão n°216 ao n°579;200
Bloco da Coroinha;Pedra de Guaratiba;13/02/2018;18:00;Rua Barros de Alarcão - Praça São Pedro;Rua Barros de Alarcão n°216 ao n°579;200
Bloco da Ressaca;Pedra de Guaratiba;17/02/2018;20:00;Rua Barros de Alarcão - Praça São Pedro;Rua Barros de Alarcão N283 até 464;300
Bloco da Sorveteria;Pedra de Guaratiba;09/02/2018;20:00;Rua Barros de Alarcão - Praça São Pedro;Rua Barros de Alarcão N283 até 464;300
Tigres do Coqueiro;Pedra de Guaratiba;10/02/2018;19:00;Rua Barros de Alarcão - Praça São Pedro;Rua Barros de Alarcão Nº283 até o Nº427;300
Tigres do Coqueiro;Pedra de Guaratiba;12/02/2018;19:00;Rua Barros de Alarcão - Praça São Pedro;Rua Barros de Alarcão Nº283 até o Nº427;300
Bloco das Piranhas do Jefinho;Pedra de Guaratiba;09/02/2018;20:00;Rua Barros de Alarcão - Praça São Pedro;Rua Barros de Alarcão, da Praça São Pedro até a Rua Saião Lobato;700
Amigos do Zé;Cosmos;13/02/2018;21:00;Rua Beira Rio, em frente ao nº 1313;Rua Beira Rio, Rua Independência, Rua Itagiba, Rua Curaré, Rua Cosmos, Rua Guarujá.;500
10+ Malandros;Bangu;11/02/2018;15:00;Rua Bela Flor, 52;Rua Bela Flor, Rua Figueiredo Camargo com deslocamento até a Rua Cherburgo (Ponto Chic);2000
Banda do Arroxo;Copacabana;04/02/2018;15:00;Rua Belford Roxo com Ministro Viveiro de Castro;Rua Belford Roxo, Rua Felipe de Oliveira, Av. Pricesa Isabel, Ministro Viveiro de Castro e Belford Roxo;1500
Império da Folia;Catete;11/02/2018;17:00;Rua Bento Lisboa, nº 76;Rua Bento Lisboa, Rua Dois de Dezembro, Rua do Catete, Rua Pedro Américo e Rua Bento Lisboa até a esquina da Tavares Bastos;800
Balanço do Jamelão;Andaraí;12/02/2018;18:00;Rua Botucatu, esquina com Rua Rosa e Silva;Rua Botucatu, Rua Rosa e Silva, Rua Caçapava, Rua Uberaba, Rua Botucatu, Rua Barão de Mesquita;600
Bloco dos Mendigos;Copacabana;03/02/2018;12:00;Rua Bulhões de Carvalho;Rua Bulhões de Carvalho, Rua Rainha Elizabeth, Rua Teresa Aragão, Rua Gomes Carneiro e Rua Bulhões de Carvalho;3000
Bloco da Sá Pereira Infantil;Botafogo;03/02/2018;09:00;Rua Capistrano de Abreu, nº 29;Rua Capistrano de Abreu, Rua Conde de Irajá, Largo dos Leões, Rua São Clemente, Rua Marques e Rua Capistrano de Abreu;600
Cardosão de Laranjeiras;Laranjeiras;13/02/2018;13:00;Rua Cardoso Júnior, esquina com Rua das Laranjeiras;Rua Cardoso Júnior, da Rua das Laranjeiras até a Quadra da Cardoso Júnior;700
Ninho dos Cobras;Madureira;13/02/2018;18:00;Rua Carvalho de Souza, embaixo do Viaduto de Madureira;Rua Carvalho de Souza, Av. Ministro Edgard Romero e Estrada do Portela até a Rua Dagmar da Fonseca;800
Unidos do Caraxué;Ilha de Paquetá;17/02/2018;16:00;Rua cerqueira 74;Rua cerqueira 74 até a praia dos coqueiros, Esquerda na Rua padre juvenal, termino no praça são roque;100
Fuzuê... Só Alegria Pra Você!;Del Castilho;03/02/2018;18:00;Rua Chapadinha, nº 02;Rua Chapadinha, Rua Lagoa Verde, Rua Lagoa Clara, Rua Lagoa Redonda, Rua Chapadinha e Rua Palmeira do Norte;2000
Fuzuê... Só Alegria Pra Você!;Del Castilho;17/02/2018;18:00;Rua Chapadinha, nº 02;Rua Chapadinha, Rua Lagoa Verde, Rua Lagoa Clara, Rua Lagoa Redonda, Rua Chapadinha e Rua Palmeira do Norte;2000
Banda do Largo da 2ª Feira;Tijuca;13/02/2018;18:00;Rua Conde de Bonfim, 25;Rua Conde de Bonfim, Rua Haddock Lobo, Rua Campos Salles, Rua Doutor Satamini, Rua São Francisco Xavier e Rua Conde de Bonfim até o nº 25;6000
Bonecas Deslumbradas de Olaria;Olaria;11/02/2018;18:00;Rua Conselheiro Paulino, nº 567;Rua Conselheiro Paulino, Rua Antônio Rêgo, Rua Lígia, Rua Wandelkok e Rua Conselheiro Paulino;4000
Bonecas Deslumbradas de Olaria;Olaria;13/02/2018;18:00;Rua Conselheiro Paulino, nº 567;Rua Conselheiro Paulino, Rua João Rêgo, Paranapanema, Rua Delfim Carlos, Praca Belmonte, Rua João Rêgo e Rua Conselheiro Paulino;4000
Banda da Constança Barbosa - Galo do Méier;Méier;12/02/2018;18:00;Rua Constança Barbosa, em frente ao nº 212;Rua Constança Barbosa, Rua Manuela Barbosa, Rua Dias da Cruz, Rua Magalhães Couto e Rua Manuela Barbosa;1000
Na Pressão Eu Vou;Campo Grande;10/02/2018;14:00;Avenida Cesário de Melo, esquina com Coronel Agostinho;Rua Coronel Agostinho, Rua Viúva Dantas, seguindo até a esquina da José Ferreira;1000
Bambas do Curuzu;São Cristóvão;12/02/2018;18:00;Rua Curuzu, nº 87;Rua Curuzu, Rua Alves Monte, Rua Coronel Cabrita, Praça Argentina, Rua Coronel Brandão e Rua Tuiuti - Curuzu;1500
Bloco do Tamanco;Padre Miguel;10/02/2018;13:00;Rua D, 19;Rua D, Figueiredo Camargo até o campo do Bangu e volta;3500
Banda da Glória;Glória;13/02/2018;16:00;Rua da Glória 180;Rua da Glória 180, Rua Américo, Rua do catete, Rua da Glória;1000
Arteiros da Glória;Glória;12/02/2018;17:00;Rua da Glória, nº 190;Rua da Glória, Rua do Catete, Rua Antonio Mendes Campos, Largo da Glória, Av. Augusto Severo e Rua da Glória;2000
Fome Zero;Madureira;11/02/2018;15:00;Rua Dagmar da Fonseca;Rua Dagmar da Fonseca, Av. Edgard Ramero, Est. Do Portela, e retorna a origem.;1000
Acorda e vem Brincar;Vila Valqueire;04/02/2018;13:00;Rua das Dálias;Rua das Dálias, Rua das Verbenas, Rua das Camélias e Rua das Dálias;1000
Banda da Saens Pena;Tijuca;13/02/2018;19:00;Rua Desembargador Izidro, nº 4;Rua Desembargador Izidro, Rua Abelardo Barbosa, Rua Conde de Bonfim, Rua Pareto, Rua Almirante Cochrane, Rua Santo Afonso e Rua General Roca;1000
Papo de Cachaça;Méier;12/02/2018;19:00;Rua Dias da Cruz, 269;Rua Dias da Cruz, do nº 269 ao nº 111, retornando ao local de concentração;600
Banda do Mackenzie;Méier;10/02/2018;18:00;Rua Dias da Cruz, 561;Rua Dias da Cruz, do nº 561 até a Rua Magalhães Couto, retornando ao local de concentração;1500
Turma do Gato Futebol e Samba;Pilares;10/02/2018;17:00;Rua Djalma Dutra, nº 110;Rua Djalma Dutra, Av. Dom Hélder Câmara e Av. João Ribeiro;2000
Bambas do Catete;Catete;13/02/2018;19:00;Praça do Poeta;Rua do Catete, Rua Pedro Américo, Rua Bento Lisboa, Rua Dois de Dezembro e Rua do Catete até a Silveira Martins;1000
Balança Meu Catete;Catete;12/02/2018;18:00;Rua do Catete 227;Rua do Catete, Rua Pedro Américo, Rua Bento Lisboa, Rua Dois de Dezembro e Rua do Catete, até a esquina com a Buarque de Macedo, retornando ao local de concentração;4000
Amigos do Catete;Catete;10/02/2018;18:00;Rua Dois de Dezembro, esquina com Rua do Catete;Rua do Catete, Rua Pedro Américo, Rua Bento Lisboa, Rua Dois de Dezembro, voltando ao local de concentração;1000
Se Me Der, Eu Como!;Tijuca;13/02/2018;17:00;Praça da Medalha Milagrosa;Rua do Matoso, Rua Haddock Lobo, Rua Barão de Ubá, Rua Joaquim Palhares, Barão de Iguatemi.;3000
Banda da Rua do Mercado;Centro;08/02/2018;19:00;Rua do Mercado;Rua do Mercado, Simbolo Olimpico, Rua do Mercado;8000
Bloco do Show do Antonio Carlos;Glória;10/02/2018;12:30;Rua do Russel, nº 434;Rua do Russel, Largo da Glória, Av. Augusto Severo (junto as edificções), Rua Mestre Valentim e Av. Luis de Vasconcelos (junto ao Passeio).;3000
Fome Zero;Madureira;10/02/2018;15:00;Rua Domingos Fernandes;Rua Domingos Fernandes, Rua Leopoldina de Oliveira, Rua Nunes de Souza e Rua Domingos Fernandes;1000
Acabou o Amor;Ilha do Governador;12/02/2018;18:00;Rua Domingos Mundin, em frente a Cedae;Rua Domingos Mundin e Rua Euzebio de Farias 26;500
Carioca da Gema;Lapa;10/02/2018;16:00;Rua dos Arcos, 24 - em frente à Fundição Progresso;Rua dos Arcos, 24 - em frente à Fundição Progresso (Parado em palco montado em frente a Fundição);1000
Sem Noção;Lapa;12/02/2018;14:00;Rua dos Arcos, em frente a Fundição Progresso;Rua dos Arcos, Rua do Lavradio, Rua do Senado, Rua dos Inválidos, Rua da Relação até Av. Gomes Freire;2000
Planta na Mente;Lapa;14/02/2018;16:20;Praça Cardeal Câmara (Arcos da Lapa);Rua dos Arcos, Rua do Lavradio, Rua do Senado, Rua Pedro I, Rua Visconde do Rio Branco e Praça Tiradentes;1000
Banda da Inválidos;Lapa;11/02/2018;18:30;Rua dos Inválidos, entre Av. Mem de Sá e Henrique Valadares;Rua dos Inválidos, Rua do Senado, Rua Ubaldino do Amaral, Av.Henrique Valadares, Rua dos Inválidos,;1000
Banda da Inválidos;Lapa;12/02/2018;18:30;Rua dos Inválidos, entre Av. Mem de Sá e Henrique Valadares;Rua dos Inválidos, Rua do Senado, Rua Ubaldino do Amaral, Av.Henrique Valadares, Rua dos Inválidos,;1000
Banda da Inválidos;Lapa;13/02/2018;18:30;Rua dos Inválidos, entre Av. Mem de Sá e Henrique Valadares;Rua dos Inválidos, Rua do Senado, Rua Ubaldino do Amaral, Av.Henrique Valadares, Rua dos Inválidos,;1000
Independente do Morro do Pinto;Santo Cristo;28/01/2018;16:00;Rua Farnese, em frente ao nº 83;Rua Farnese, Rua Saldanha Marinho, Rua Mariano Procópio,  Rua Sara, Rua Mont Alverne;500
Batuke de Batom;Ilha do Governador;13/02/2018;12:00;Praça Iaiá Garcia;Rua Fernandes da Fonseca, Rua Paramopama, retorno a origem.;2000
Eu Não Venho Mais Aqui;Abolição;03/02/2018;18:00;Rua Gaspar, esquina com Rua Ferreira Leite;Rua Ferreira Leite, da Rua Gaspar até a Rua Glaziou, retornando ao local de concentração;300
Bonde da Folia;Santa Teresa;18/02/2018;14:00;Rua Fonseca Guimarães;Rua Fonseca Guimarães, Rua Paschoal Carlos Magno, Rua almirante Alexandrino, Rua Dias de Barros e Largo do Curvelo;500
Virilha de Minhoca;Bangu;10/02/2018;19:00;Rua Fonseca 1078;Rua fonseca, rua oliveira ribeiro, Av. Cônego de Vasconcelos, Rua Santa Cecilia, Rua Fonseca;6000
Virilha de Minhoca;Bangu;11/02/2018;19:00;Rua Fonseca 1078;Rua fonseca, rua oliveira ribeiro, Av. Cônego de Vasconcelos, Rua Santa Cecilia, Rua Fonseca;6000
Virilha de Minhoca;Bangu;12/02/2018;19:00;Rua Fonseca 1078;Rua fonseca, rua oliveira ribeiro, Av. Cônego de Vasconcelos, Rua Santa Cecilia, Rua Fonseca;6000
Virilha de Minhoca;Bangu;13/02/2018;19:00;Rua Fonseca 1078;Rua fonseca, rua oliveira ribeiro, Av. Cônego de Vasconcelos, Rua Santa Cecilia, Rua Fonseca;6000
Virilha de Minhoca;Bangu;18/02/2018;19:00;Rua Fonseca 1078;Rua fonseca, rua oliveira ribeiro, Av. Cônego de Vasconcelos, Rua Santa Cecilia, Rua Fonseca;6000
Fúria de Bangu;Bangu;12/02/2018;19:00;Rua Boiobi;Rua Francisco Barreto, Rio Biobi, Silva  Rua Banguense, Rangel Pestana, Silva Cardoso, Santa Cecília, encerrando na praça da Fé.;500
Imprensa Que Eu Gamo;Laranjeiras;27/01/2018;15:00;Rua Gago Coutinho, em frente ao Mercadinho São José;Rua Gago Coutinho, Largo do Machado, Rua das Laranjeiras e Rua Gago Coutinho;15000
Que Merda é Essa?!;Ipanema;11/02/2018;14:30;Rua Garcia D'avila, esquina com Rua Nascimento Silva;Rua Garcia D'avila, Avenida Vieira Souto, seguindo até O Jardim de Alah;2000
Nem Muda Nem Sai de Cima;Tijuca;27/01/2018;19:00;Rua Garibaldi, esquina com Avenida Maracanã;Rua Garibaldi, Rua Pinto Guedes, Praça Xavier de Brito, Rua Otávio Kelly, Rua Conde de Bonfim e Rua Garibaldi, voltando ao local de concentração;1000
GB Bloco;Laranjeiras;27/01/2018;15:00;Praça Jardim Laranjeiras - Rua General Glicério;Rua General Glicério, Rua General Cristóvão Barcelos, retornando à Praça Jardim Laranjeiras;5000
Gigantes da Lira (infantil);Laranjeiras;04/02/2018;09:00;Praça Jardim Laranjeiras - Rua General Glicério;Rua General Glicério, Rua General Cristóvão Barcelos, retornando à Praça Jardim Laranjeiras;6000
Laranjada Samba Clube;Laranjeiras;11/02/2018;11:00;Praça Jardim Laranjeiras - Rua General Glicério;Rua General Glicério, Rua General Cristóvão Barcelos, retornando à Praça Jardim Laranjeiras;900
Sem Saída;Botafogo;17/02/2018;16:00;Rua General Severiano, em frente ao nº 70;Rua General Severiano, Rua Venceslau Brás, Av. Pasteur e Rua Bartolomeu Portela;1200
Banda de Ipanema;Ipanema;27/01/2018;17:30;Rua Jangadeiros, esquina com Gomes Carneiro;Rua Gomes Carneiro, Avenida Vieira Souto, Rua Joana Angélica e Rua Visconde de Pirajá, até a Praça General Osório;50000
Banda de Ipanema;Ipanema;10/02/2018;17:30;Rua Jangadeiros, esquina com Gomes Carneiro;Rua Gomes Carneiro, Avenida Vieira Souto, Rua Joana Angélica e Rua Visconde de Pirajá, até a Praça General Osório;90000
Banda de Ipanema;Ipanema;13/02/2018;17:30;Rua Jangadeiros, esquina com Gomes Carneiro;Rua Gomes Carneiro, Avenida Vieira Souto, Rua Joana Angélica e Rua Visconde de Pirajá, até a Praça General Osório;90000
Zona Mental;Bangu;06/02/2018;15:00;Praça de Guilherme da Silveira;Rua Guilherme da Silveira, Rua Sidney, Rua Figueiredo Camargo (Ponto Chic), Rua Santana, Marechal Mariano, e Retorna para a praça Guilherme pela Rua Ribeiro Dantas;350
Vermelho e Preto Coirmãos;Padre Miguel;12/02/2018;19:30;Rua Helianto;Rua Helianto, Rua Olimpia Esteves, Rua Vila Nova e retorna para Helianto.;500
Larga a Onça, Alfredo!;Laranjeiras;04/02/2018;18:00;Rua Ipiranga, em frente ao nº 49;Rua Ipiranga, Rua Esteves Junior e Praça São Salvador;2000
Suvaco do Cristo;Jardim Botânico;04/02/2018;10:00;Rua Jardim Botânico, esquina com Rua Faro;Rua Jardim Botânico, da Rua Faro até a Praça Santos Dumont;35000
Escangalha!;Jardim Botânico;10/02/2018;10:00;Rua Jardim Botânico, esquina com Rua Pacheco Leão;Rua Jardim Botânico, da Rua Pacheco Leão até a Praça Santos Dumont;7000
Me Esquece;Jardim Botânico;28/01/2018;10:00;Rua Jardim Botânico, esquina com Rua Pacheco Leão;Rua Jardim Botânico, da Rua Pacheco Leão até a Praça Santos Dumont;5000
Pede Passagem;Jardim Botânico;12/02/2018;12:00;Rua Jardim Botânico, esquina com Rua Pacheco Leão;Rua Jardim Botânico, da Rua Pacheco Leão até a Praça Santos Dumont;1000
Vagalume O Verde;Jardim Botânico;13/02/2018;10:00;Rua Jardim Botânico, esquina com Rua Pacheco Leão;Rua Jardim Botânico, da Rua Pacheco Leão até a Praça Santos Dumont;10000
Panela Preta de Curicica;Curicica;27/01/2018;16:00;Rua João Bruno Lobo, nº 38;Rua João Bruno Lobo, nº 38 - Parado;1000
Ciganas Feiticeiras de Olaria;Olaria;10/02/2018;19:00;Rua Paranhos, esquina com João Rego;Rua João Rego, Rua Delfim Carlos, Rua Paranhos até origem.;1000
Ciganas Feiticeiras de Olaria;Olaria;12/02/2018;19:00;Rua Paranhos, esquina com João Rego;Rua João Rego, Rua Delfim Carlos, Rua Paranhos até origem.;1000
Ciganas Feiticeiras de Olaria;Olaria;17/02/2018;19:00;Rua Paranhos, esquina com João Rego;Rua João Rego, Rua Delfim Carlos, Rua Paranhos até origem.;1000
Amigos da Joaquim Méier;Méier;10/02/2018;20:00;Rua Joaquim Méier, 213;Rua Joaquim Méier, Rua Guaju, Rua Oliveira, Rua Dias da Cruz até  a José Veríssimo, retornando pela Rua Dias da Cruz, Rua Oliveira, Rua Guaju e Rua Joaquim Méier;4000
Imaginô? Agora Amassa!;Leblon;03/02/2018;09:00;Rua José Linhares, esquina com Rua Conde de Bernadote;Rua José Linhares, Avenida Ataulfo de Paiva, seguindo até a esquina da Carlos Góis;10000
Bloco dus Impussivi;Centro;08/02/2018;20:00;Rua Lélio Gama, esquina com Avenida Chile;Rua Lélio Gama, Av. chile, Rua Senador Dantas , Rua Lélio Gama;2000
Alegria do Guarabu;Ilha do Governador;13/02/2018;14:00;Rua Luis Gomes (Pedreira);Rua Luis Gomes, Rua Inhoverá, Rua Dr. leon Roussoulieres, Rua Tramandaí, Rua Estocolmo, Rua Genebra, Rua Catalpa, Rua Flamarion, Rua Berna e Rua Luis Gomes;1000
O Fervo;Estácio;23/01/2018;18:00;Rua Maia de Lacerda;Rua Maia de Lacerda, da esquina da Rua Estácio de Sá até a Rua Sampaio Ferraz e termina na rua Quintino do Vale;500
O Fervo;Estácio;17/02/2018;18:00;Rua Maia de Lacerda;Rua Maia de Lacerda, da esquina da Rua Estácio de Sá até a Rua Sampaio Ferraz e termina na rua Quintino do Vale;500
Garganta Seca de Irajá;Irajá;04/02/2018;15:00;Rua Manoel de Araújo;Rua Manoel de Araújo, Rua Hanibal Porto até a Estrada da Água Grande;700
Rola Preguiçosa - Tarda mas não falha;Ipanema;09/02/2018;20:00;Rua Maria Quitéria, esquina com Epitácio Pessoa;Rua Maria Quitéria, Av. Visconde de Pirajá e Rua Vinícius de Moraes;15000
Xodó da Piedade;Piedade;11/02/2018;17:00;Rua Mario Carpenter, Esquina com Angelina;Rua Mario Carpenter, Rua Leopoldina, Rua João Pinheiro, Av. Dom Helder Camara, Rua Ferreira Sampaio, Rua Ernesto Nunes, Angelina e finaliza na Rua Mario Carpenter;1500
Serrote Afiado;Engenho da Rainha;03/02/2018;20:00;Rua Mario ferreira, 217;Rua Mario Ferreira, Rua Ferreira de Menezes, Rua pereira pinto, Rua Carlos Gonçalves Penna.;1000
Boka de Espuma;Botafogo;04/02/2018;18:00;Rua Marquês de Olinda, esquina com Rua Bambina;Rua Marquês de Olinda, Rua Muniz Barreto, Rua São Clemente, Rua Bambina e Rua Marquês de Olinda;30000
Boka de Espuma;Botafogo;18/02/2018;18:00;Rua Marquês de Olinda, esquina com Rua Bambina;Rua Marquês de Olinda, Rua Muniz Barreto, Rua São Clemente, Rua Bambina e Rua Marquês de Olinda;30000
Bloco de Segunda;Humaitá;12/02/2018;17:00;Rua Marques, atrás da Cobal do Humaitá;Rua Marques, Voluntários da Pátria, Rua Martins Ferreira, Rua São Clemente e Rua Marques;5000
Vou Treinar e Volto Já;Tijuca;13/01/2018;17:00;Rua Martins Pena;Rua Martins Pena, Rua Afonso Pena, Rua Haddock Lobo, Rua Campos Sales, Rua Martins Pena;500
Seca Copo;Ilha do Governador;12/02/2018;15:00;Rua Monjolos 546;Rua Monjolos, Praia da Pitangueiras, Rua Formosa, Est. Rio Jequiá, Rua Monjolos e volta a concentração;900
Só Cachaça;Santo Cristo;11/02/2018;17:00;Rua Nabuco de Freitas;Rua Nabuco de Freitas (ida e volta);500
Unidos do Complexo do Alemão;Bonsucesso;13/02/2018;18:00;Rua Nova Brasília;Rua Nova Brasília 02 até a Praça do Terço N°5;1000
Alegria de Quintino;Quintino Bocaiúva;11/02/2018;17:00;Rua Olina;Rua Olina, Rua Barros Leite, Elias da Silva, Nerval de Gouveia e finaliza na Praça de Quintino;300
Explosão de Paquetá;Ilha de Paquetá;11/02/2018;16:00;Praça São Roque;Rua Padre Juvenal, Rua Dr. Aristão, Curva da Pedra, Rua José Bonifácio, Rua Furkin Werneck, Praça das Barcas.;600
Vem Comigo Cachaçada;Ilha do Governador;17/02/2018;17:00;Rua Paramopama, em frente ao restaurante Bom Demais;Rua Paramopama, do Restaurante Bom Demais até a Praça da Ribeira, contornando a Praça e voltando ao local de concentração;1500
Porre Certo;Praça Seca;11/02/2018;17:00;Rua Carimã, esquina com Rua Parintins;Rua Parintins, Rua Florianópolis, Rua Urucuia, Rua Luiz Beltrão, Rua Parintins e Rua Carimã;500
Céu na Terra;Santa Teresa;03/02/2018;08:00;Largo dos Guimarães;Rua Pascoal Carlos Magno, Rua Monte Alegre, Rua Oriente, Rua Progresso, Largo das Neves;7000
Banda Devassa;Penha;17/02/2018;20:00;Rua Patagônia;Rua Patagônia, Rua Quito, Rua Montevidéu, Rua Nicarágua e Rua Patagônia;4000
Amigos da Sueca da Pedro Américo;Catete;13/02/2018;18:00;Rua Pedro Américo, nº 371;Rua Pedro Américo, Rua Bento Lisboa, Rua Dois de Dezembro, Rua do Catete e Rua Pedro Américo;950
Canela Fina;Quintino Bocaiúva;13/02/2018;18:00;Rua Pedro Reis;Rua Pedro Reis, Argentina Reis, Travessa Guerra, João Barbalho, 21 de Abril, Nervalde Gouveia, Praça de Quintino;200
Nova Geração do Zumbi;Ilha do Governador;12/02/2018;13:00;Rua Serrão, esquina com Rua Peixoto de Carvalho;Rua Peixoto de Carvalho, Estrada do Rio Jequiá, Rua Maldonado, Rua Fernandes da Fonseca, Rua Paramopama, Est. Do Jequiá, Peixoto de Carvalho;10000
Verde e Branco do Zumbi;Ilha do Governador;10/02/2018;11:00;Rua Peixoto de Carvalho;Rua Peixoto de Carvalho, Praia do Zumbi, Rua Pojuca, Estrada do Rio Jequiá, Rua Gaspar de Souza e Rua Peixoto de Carvalho;600
Amigos da Esquina;Engenho de Dentro;03/02/2018;20:00;Rua Pernambuco 886;Rua Pernambuco, Rua Barbacena e Rua Pernambuco;1000
Amigos da Esquina;Engenho de Dentro;10/02/2018;20:00;Rua Pernambuco 886;Rua Pernambuco, Rua Barbacena e Rua Pernambuco;1000
Alegria do Sapê;Bento Ribeiro;03/02/2018;15:00;Rua Picui;Rua Picui 895  até o número 500, Largo do Sapê e volta;800
Balanço do Pinto;Tijuca;11/02/2018;20:00;Rua Pinto de Figueiredo, nº 26;Rua Pinto de Figueiredo, Avenida Maracanã, Rua Barão de Mesquita, Rua General Roca, Rua Conde de Bonfim e Rua Pinto de Figueiredo;1000
Banda do Jiló;Tijuca;09/02/2018;21:00;Rua Pinto de Figueiredo, nº 26;Rua Pinto de Figueiredo, Avenida Maracanã, Rua Barão de Mesquita, Rua General Roca, Rua Conde de Bonfim e Rua Pinto de Figueiredo;1000
Banda do Tio Marco;Piedade;07/02/2018;20:00;Largo da Rua Porto Valter;RUA PORTO VALTER, RUA PADRE NOBREGA, RUA ANTONIO VARGAS, RUA GONÇALO COELHO, RUA SOUZA CERQUEIRA, Av don Helder Camara, Padre Nobrega, Porto valter;3000
Ainda Aguento;Ilha do Governador;14/02/2018;11:00;Praia da Engenhoca;Rua Praia da Engenhoca, Rua Novo Airão, Rua Fernandes da Fonseca, Pça Iaiá Garcia e retorna para origem pelo trajeto inverso.;800
Quem Num Guenta Bebe Água;Ilha de Paquetá;12/02/2018;15:00;Praia dos Tamoios;Rua Praia do Tamoios, Rua Furkin Werneck, Rua Pinheiro Freire, Rua Principe Regente, Rua Doutor Aristão e Praia das Moreninhas.;500
Loucura Suburbana;Engenho de Dentro;08/02/2018;17:00;Instituto Municipal Nise da Silveira, Rua Ramiro Magalhães;Rua Ramiro Magalhães, Rua Gustavo Riedel, Rua Pernambuco, Praça Rio Grande do Norte, Rua Ana Leonídia, Rua Gustavo Riedel e Rua Ramiro Magalhães;1000
Leão da Pedra;Santo Cristo;12/02/2018;17:00;Rua Rego Barros;Rua Rego Barro e retorna pela Rua Nabuco de Freitas até a origem;300
Unidos do Rego Barros;Santo Cristo;13/01/2018;17:00;Rua Rego Barros;Rua Rego Barros até o fim da rua Nabuco de Freitas, e termina na Rua Rego Barros;400
Banda do Peru Pelado;Copacabana;13/02/2018;17:00;Avenida Atlântica, esquina com República do Peru;Rua República do Peru, Rua Barata Ribeiro, Rua Siqueira Campos e Avenida Atlântica até a esquina com República do Peru;1500
Quizomba;Lapa;17/02/2018;10:00;Rua do Riachuelo  nº7;Rua Riachuelo, Av. Mem de Sá, Rua Teixeira de Freitas, Av. Augusto Severo;5000
Encosta que Ele Cresce;Vista Alegre;03/02/2018;17:00;Rua Ribadejo;Rua Ribadejo, Estrada da Água Grande 800 até o 1525, supermercado intercontinental e retorna do outro lado;1000
GRBC Deixa Que Eu Te Atravesso;Brás de Pina;04/02/2018;17:00;Rua Rio Preto;Rua Rio Preto, Rua Brasiléia, Rua Alm. Ingran Margini, Rua Dezoito de Setembro, Rua Valdemar Magrini, até Rua Rio Preto;1000
GRBC Deixa Que Eu Te Atravesso;Brás de Pina;17/02/2018;17:00;Rua Rio Preto;Rua Rio Preto, Rua Brasiléia, Rua Alm. Ingran Margini, Rua Dezoito de Setembro, Rua Valdemar Magrini, até Rua Rio Preto;1000
Banda Bandida;Copacabana;03/02/2018;16:00;Rua Rodolfo Dantas;Rua Rodolfo Dantas, Rua Barata Ribeiro, Rua Hilário de Gouveia, Avenida Nossa Senhora de Copacabana e volta Rua Rodolfo Dantas;2000
Bloco Carnavalesco Bunda Rachada;Ramos;27/01/2018;18:00;Rua romero zander , N. 363;rua romero zander n. 363, Av. dos campeoes n.569;2000
Discípulos do Oswaldo;Manguinhos;24/01/2018;20:00;Rua Rosa da Fonseca;Rua Rosa da Fonseca Rua Castro Tavares, Rua Sizenando Nabuco e Rua Rosa da Fonseca;1000
Discípulos do Oswaldo;Manguinhos;31/01/2018;20:00;Rua Rosa da Fonseca;Rua Rosa da Fonseca Rua Castro Tavares, Rua Sizenando Nabuco e Rua Rosa da Fonseca;1000
Banda do Riviera;Barra da Tijuca;12/02/2018;17:00;Rua Rosalinda Brant, Condomínio Riviera;Rua Rosalinda Brant, Rua Celso Kelly, Rua Afrânio Costa, Rua Professor Dulcídio Cardoso e Rua Rosalinda Brant;2500
Banda Sá Ferreira;Copacabana;10/02/2018;16:00;Calçadão da Rua Sá Ferreira com Av. Atlântica;Rua Sá Ferreira, Bulhões de Carvalho, Francisco Otaviano, Av. Atlântica com Sá Ferreira;2000
Coração das Meninas;Saúde;28/01/2018;18:00;Largo da Prainha;Rua Sacadura Cabral ao Largo da Prainha até Praça da Harmonia;500
Liga de Blocos e Bandas da Zona Portuária;Saúde;27/01/2018;12:00;Praça Coronel Assunção (Praça da Harmonia);Rua Sacadura Cabral, da Praça da Harmonia até o Largo São Francisco da Prainha;1500
Escorrega Mas Não Cai;Saúde;09/02/2018;19:00;Praça Coronel Assunção (Praça da Harmonia);Rua Sacadura Cabral, Rua Aníbal Falcão, Rua Coelho e Castro, Rua Edgard Gordilho e Largo São Francisco da Prainha;1000
Batuke de Ciata;Saúde;03/02/2018;17:00;Praça Coronel Assunção (Praça da Harmonia);Rua Sacadura Cabral, Rua Argemiro Bulcao, Pedra do Sal.;500
Afoxé Filhos de Gandhi;Gamboa;11/02/2018;18:00;Praça da Harmonia;Rua Sacadura Cabral, Rua Camerino e Praça dos Estivadores;500
Pipoca no Mel;Gamboa;04/02/2018;17:00;Praça Coronel Assumpção (Praça da Harmonia);Rua Sacadura Cabral, Rua do Livramento, Rua Rivadavia Correa, Rua Pedro Ernesto e retorna para Praça da Harmonia;1000
Queima de Bangu;Bangu;11/02/2018;20:00;Rua Agrícola;Rua Santa Cecília, seguindo até a Rua Fonseca (Dispersão);500
Vamos que Vamos;Campo Grande;10/02/2018;18:00;Rua Santo Amando;Rua Santo Amando, Rua Damião de Goes, Rua São Potito, Rua Henri Dunant e retorno a origem;600
Raízes da Vila da Penha;Vila da Penha;11/02/2018;14:00;Rua São João Gualberto;Rua São João Gualberto, Rua General Silveira Sobrinho, Rua Oliveira Belo,  Rua Alice Tibiriça e Rua São João Gualberto;900
Raízes da Vila da Penha;Vila da Penha;12/02/2018;15:00;Rua São João Gualberto;Rua São João Gualberto, Rua General Silveira Sobrinho, Rua Oliveira Belo,  Rua Alice Tibiriça e Rua São João Gualberto;900
Raízes da Vila da Penha;Vila da Penha;13/02/2018;15:00;Rua São João Gualberto;Rua São João Gualberto, Rua General Silveira Sobrinho, Rua Oliveira Belo,  Rua Alice Tibiriça e Rua São João Gualberto;900
Molha o Pé das Oito;Centro;02/02/2018;20:00;Buraco do Lume;Rua São José, Rua Rodrigo Solva, Rua da Assembléia, Rua do Carmo e Rua São José;500
Semente do Amanhã;São Cristóvão;10/02/2018;16:00;Rua São Luiz Gonzaga 966;Rua São Luiz Gonzaga 966, Largo da Cancela e Dispersão na Av. Rotary Internacional na Entrada da Quinta da Boa Vista;500
Chora 10;Tijuca;10/02/2018;19:00;Rua São Miguel, 430;Rua São Miguel, Rua Santa Carolina, Avenida Maracanã, Rua São Rafael e Rua São Miguel;1000
Boca Aberta;Bonsucesso;03/02/2018;18:00;Praça da Nova Holanda;Rua Sargento Silva nunes, Rua Principal, Rua São Jorge;400
Cata Latas do Grajaú;Grajaú;13/02/2018;21:00;Praça Nobel;Rua Saviana, Rua Rosa e Silva, Rua Campinas, Rua Uberaba, Rua Botucatu, Rua Barão de Mesquita e Largo do Verdun;2500
Butano na Bureta;Maracanã;03/02/2018;13:00;Rua Senador Furtado, esquina com Rua Pará;Rua Senador Furtado, da Rua Pará até a Avenida Radial Oeste, voltando pela Senador Furtado até a concentração;1000
Bangay Folia;Padre Miguel;16/02/2018;20:00;Rua Sidney com Rua Figueiredo Camargo;Rua Sidney com Figueiredo Camargo, Rua Figueiredo Camargo com Ponto Chic, Rua Figueiredo Camargo com Rua D;500
Banda da Amizade;Lapa;04/02/2018;17:00;Rua Tadeu Kosciusco;Rua Tadeu Kosciusko, Carlos Sampaio, Washington Luiz, Conselheiro Josino, Henrique Valadares, Cruz Vermelha, Carlos Sampaio  e Rua Tadeu Kosciusko;1000
Banda da Amizade;Lapa;11/02/2018;17:00;Rua Tadeu Kosciusco;Rua Tadeu Kosciusko, Carlos Sampaio, Washington Luiz, Conselheiro Josino, Henrique Valadares, Cruz Vermelha, Carlos Sampaio  e Rua Tadeu Kosciusko;1000
Banda da Amizade;Lapa;13/02/2018;17:00;Rua Tadeu Kosciusco;Rua Tadeu Kosciusko, Rua do Rezende, Rua Ubaldino de Amaral, Rua Washington Luiz, Rua Conselheiro Josino, Av. Henrique Valadares, Praça da Cruz Vermelha, Rua Carlos Sampaio e Rua Tadeu Kosciusko;1000
Bafo do Peru;Padre Miguel;11/02/2018;18:00;Rua Tapiranga (Largo);Rua Tapiranga, Rua Icote, Rua Ceriba, Rua Pedro Melo, Rua Maria Rosa, Largo da Tapiranga;800
Bafo do Peru;Padre Miguel;13/02/2018;18:00;Rua Tapiranga (Largo);Rua Tapiranga, Rua Icote, Rua Ceriba, Rua Pedro Melo, Rua Maria Rosa, Largo da Tapiranga;800
Banana Com Queijo;Realengo;13/02/2018;16:00;Rua Tecobé;Rua Tecobé, Rua ibitú, Rua João Luso, Rua Ocabí, Rua Silva Neto, Rua Iguarim, Rua Acú, Rua Mirim, Rua Tecobé 275 Término;1000
Simpatia é Quase Amor;Ipanema;03/02/2018;16:00;Teixeira de Melo – Praia;Rua Teixeira de Melo e Avenida Vieira Souto até a Henrique Dumont;300000
Simpatia é Quase Amor;Ipanema;11/02/2018;16:00;Teixeira de Melo – Praia;Rua Teixeira de Melo e Avenida Vieira Souto até a Henrique Dumont;300000
Seu Kuka é Eu do Grajaú;Grajaú;10/02/2018;19:00;Largo Maria Martha Ward;Rua Teodoro da Silva, Rua José Vicente, Rua Meira Vasconcelos, Rua Faria de Brito, Rua Barão de Mesquita e Largo Irma Maria Marta Ward;1200
Fuzuê da Ilha;Ilha do Governador;04/02/2018;15:00;Praça do Grego;Rua Uça, da Praça do Grego até a Rua Engenheiro Rozauro Zambrano, voltando ao local de concentração;500
Acadêmicos do Engenho de Dentro;Engenho de Dentro;13/02/2018;18:00;Rua Venâncio Ribeiro, 585;Rua Venâncio Ribeiro, Rua Maria Paula, Rua Catulo CearenSe e Rua Adolfo Bergamini;1000
Calma, Calma Sua Piranha;Botafogo;28/01/2018;10:00;Rua Visconde de Caravelas, esquina com Rua Real Grandeza;Rua Visconde de Caravelas, da Rua Real Grandeza até a Rua Capitão Salomão;500
Só Tamborins;Lapa;16/02/2018;20:00;Travessa do Mosqueira, esquina com Rua Visconde de Maranguape;Rua Visconde de Maranguape, Rua da Lapa, Rua da Glória, seguindo até o Largo da Glória;2500
Pinta Mas Não Borra;Botafogo;10/02/2018;17:30;Rua Voluntários da Pátria, nº 34;Rua Voluntários da Pátria, nº 34, Rua São Clemente, nº 1, Rua Nelson Mandela e Rua Voluntários da Pátria até o nº 34;7000
Fala Meu Louro;Santo Cristo;28/01/2018;16:00;Rua Waldemar Dutra, 19;Rua Waldemar Dutra, Praça do Santo Cristo, Rua da América, Rua Barão da Gamboa, Rua Cardoso Marinho, Rua Santo Cristo e Rua Waldemar Dutra.;800
Areia;Leblon;11/02/2018;10:00;Posto 12;Sai do posto 12 até o posto 11;10000
Sobrinhos do Tio Bio;Leblon;13/02/2018;11:00;Posto 12;Sai do posto 12 até o posto 11;3000
Bloco do Balde;Sulacap;03/02/2018;18:00;Praça H (Rua Antonio de Mendonça);Saída Rua Antonio de Mendonça, Rua Teofilo Guimarães, Rua Gonçalo Rollemberg, Rua Barbara Heliodor, Rua Teodoro Sampaio, Rua Oliveira Martins, Rua Maria Grham, Para na Praça Nino Roland, Retorno, Maria Grham, Rua Oliveira Martins, Rua Teodoro Sampaio, Rua Guilherme Francisco Cruz, Rua Olimpio de Castro e término na Rua Antonio de Mendonça.;500
Foliões da ABRACES;Copacabana;04/02/2018;11:00;Constante Ramos com Domingos Ferreira;Saindo da esquina da Contante Ramos com Domingos Ferreira, andar até orla e seguir Av. Atlântica até o posto 2;1000
Banda Inimigos da Bebida;Ilha do Governador;12/02/2018;11:00;Praça Comandante Megé;Saindo da Praça Comandante Magé, Rua Altinópolis, Beira da Praia da Bandeira, seguindo em direção ao Detran, dobrando no Fórum da Ilha do Governador e encerrando na Praça Comandante Megé;900
Baile do Negrão;Madureira;13/02/2018;17:30;Viaduto Negrão de Lima;Saindo da Rua Carvalho de Souza 241 indo até o palanque Rua dos Peixinhos Rua Edgard Romero 81;5000
Confraria da Bebidinha;Abolição;03/02/2018;16:00;Rua da Abolição 671;Saindo da Rua da Abolição, 671 (Calçada do Banco Itaú) pela Rua da Abolição até a esquina da Rua Mario Carpenter e retorno pela Rua Abolição até o local da Concentração;1000
Vem Que Eu Te Abraço;Padre Miguel;11/02/2018;14:00;Rua da Caridade 116;Saindo da Rua da Caridade, Rua Figueiredo e voltando para a Rua da Caridade;800
Banda da Barra;Barra da Tijuca;04/02/2018;15:00;Em frente ao condomíno Beton (Bondinho da Barra);Saindo do Bondinho da Barra até a Praça do Ó;50000
Buda da Barra;Barra da Tijuca;11/02/2018;13:00;Em frente ao condomíno Beton (Bondinho da Barra);Saindo do Bondinho da Barra até a Praça do Ó;1000
Primeiro Amor;São Conrado;27/01/2018;10:00;Em frente ao Golfe Clube;Saindo do Golfe Clube até o final;6000
Vira-Lata;São Conrado;27/01/2018;14:00;Em frente ao Golfe Clube;Saindo do Golfe Clube até o final;5000
Carmelitas;Santa Teresa;13/02/2018;10:00;Largo do Curvelo;Saindo do largo do Curvelo, seguindo até altura do Nº200 da Rua Joaquim Murtinho;800
TPM - Turma da Paz de Madureira;Madureira;20/01/2018;17:30;Em frente ao Império Serrano;Segue a Estrada do Portela até antes do Shopping Madureira.;500
Banda Amigos da Barra;Barra da Tijuca;28/01/2018;15:00;Av. Lucio Costa Barramares;Segue na Av. Lucio Costa até a altura da Praça do Ó;5000
Embalo de Santa Tereza;Santa Teresa;13/02/2018;16:30;Largo do França;Segue na Rua Alm. Alexandrino até o Largo do Vista Alegre seguindo até o Largo dos Guimarães onde dispersa.;800
Banda do Andaraí;Andaraí;13/02/2018;18:00;Rua Maxwell 542;Segue na Rua Maxwell até o Largo do Verdun.;500
Bloco Carnavalesco Infantil Sementes do Samba;Vila isabel;10/02/2018;18:00;Av. 28 de Setembro 382;Segue pela 28 de Setembro até a esquina da Rua Visconde de Abaeté;600
Banda Du Rio;Copacabana;11/02/2018;10:00;Posto 6 de Copacabana;Segue pela Av. Atlântica até altura da Rua Miguel Lemos;5000
Ih, É Carnaval!;Urca;02/02/2018;20:00;Av. pasteur 250;Segue pela Av. Pasteur anumero 250 até a Praça Medalha Milagrosa;5000
Bloco da Gold / Giro do Arar;Centro;13/02/2018;10:00;Av. Pres. Antonio Carlos em frente ao Terminal Menezes Cortes;Segue pela Av. Pres. Antonio Carlos até o Ministerio da Fazenda.;5000
Bloco da Preta;Centro;04/02/2018;10:00;Av. Presidente Antonio Carlos em Frente ao Menezes Cortes;Segue pela Av. Pres. Antonio Carlos até o Ministerio da Fazenda.;500000
Bloco das Poderosas;Centro;17/02/2018;09:00;Av. Pres. Antonio Carlos em frente ao Terminal Menezes Cortes;Segue pela Av. Pres. Antonio Carlos até o Ministerio da Fazenda.;200000
Cordão da Bola Preta;Centro;10/02/2018;09:00;Av. Presidente Antonio Carlos em Frente ao Menezes Cortes;Segue pela Av. Pres. Antonio Carlos até o Ministerio da Fazenda.;1500000
Os 20 de Ouro do Mestre Odilon;Ilha do Governador;20/01/2018;16:00;Estrada do Rio Jequiá (Posto Necker Pinto);Segue pela Estrada Rio Jequiá, Rua Maldonado, e Pça Iaiá Garcia;1500
Quem Me Viu Mentiu;Ilha do Governador;11/02/2018;16:00;Praça Jerusalem;Segue pela Praia da Bica Av. Alm. Alves Câmara Junior até o numero 986;2000
Bloco Afro Zimbauê da Ilha;Ilha do Governador;10/02/2018;16:00;Praça da Freguesia;Segue pela Praia da Guanabara e Pça Nossa Senhora da Ajuda.;300
Mistura de Santa;Santa Teresa;03/02/2018;18:00;Mirante do Rato Molhado;Segue pela Rua Aprazível até dispersar na lateral do Castelo São Valentim na parte alta da Rua Almirante Alexandrino.;500
Mistura de Santa;Santa Teresa;17/02/2018;18:00;Mirante do Rato Molhado;Segue pela Rua Aprazível até dispersar na lateral do Castelo São Valentim na parte alta da Rua Almirante Alexandrino.;500
Me Enterra na Quarta;Santa Teresa;14/02/2018;17:00;Praça Odílio Costa;Segue pela Rua Áurea até Rua Alm. Alexandrino, Rua Joaquim Murtinho e Largo do Curvello.;1500
Badalo de Santa Teresa;Santa Teresa;11/02/2018;17:30;Rua Monte Alegre 306 (em frente ao Centro Cultural);Segue pela Rua do Oriente, Rua Progresso até dispersar no Largo das Neves;1000
Filhos de Ismael;Estácio;04/02/2018;17:00;Praça Compositor Ismael Silva;Segue pela Rua Frei Caneca, Rua Visc. De Pirassununga, Rua Salvador de Sá, Rua do Estácio retorno na Rua São Carlos, Rua do Estácio até a origem.;2000
Muceludos de Padre Miguel;Padre Miguel;13/02/2018;17:00;Rua Pedro Melo 579;Segue pela Rua Japeju, Rua Olimpia Esteves, Rua Murundú, Rua Ceriba, Rua Maria Rosa, Largo da Tapiranga;300
Fofoqueiros de Plantão;Jardim Botânico;18/02/2018;12:00;Rua Jardim Botânico, esquina com Rua Pacheco Leão;Segue pela Rua Jardim Botânico até a Pracá Santos Dumont;5000
Bloco dos Aposentados;Centro;09/02/2018;19:00;Buraco do Lume;Segue pelaGraça Aranha, Rua Santa Luzia, Rua México e Buraco do Leme;1200
Chora Me Liga;Aterro do Flamengo;04/02/2018;10:00;Aterro do Flamengo, altura da Praça Luis de Camões - Coreto Modernista;Segue pelo Aterro do Flamengo, com dispersão na Av. Infante Dom Henrique 85 aterro do Flamengo;40000
Monobloco;Aterro do Flamengo;18/02/2018;09:00;Aterro do Flamengo, altura da Praça Luis de Camões - Coreto Modernista;Segue pelo Aterro do Flamengo, com dispersão na Av. Infante Dom Henrique 85 aterro do Flamengo;200000
Orquestra Voadora;Aterro do Flamengo;13/02/2018;15:00;Aterro do Flamengo, altura da Praça Luis de Camões - Coreto Modernista;Segue pelo Aterro do Flamengo, com dispersão na Av. Infante Dom Henrique 85 aterro do Flamengo;80000
Raízes do Varandão;Vila isabel;12/02/2018;17:00;Blv. 28 de Setembro 400, pista da direita;Segue pelo Boulevard em frente a quadra da U. de vila isabel, contorna a praça barao de Drumond, entra na rua  Barão de Cotegipe, Rua Mendes Tavares 73. bar varandão;500
Me Leva que Eu Vou;Bangu;10/02/2018;20:00;Rua Santa Cecília c/ Silva Cardoso;Segue Rua Santa Cecília e finaliza na Rua Santa Cecília com Rua Bangu;500
Bloco Galasextou;São Cristóvão;18/02/2018;20:00;Rua General Almerio de Moura (estacionamento);Segue Rua Teixeira Junior, Rua São Januário, Rua Francisco Palheta, Rua Ricardo Machado e retorna ao destino.;1500
Bloco Virtual;Leme;12/02/2018;09:00;Praça Almirante Julio de Noronha;Seque pela Av. Atlantica até a praça Julio de Noronha;5000
Os Monarcas;Ilha do Governador;03/02/2018;16:00;Praia da Engenhoca (Quiosque 5);Subida Rua Paramopama, retornando pela Praça Iaiá Garcia, pela Fernando da Fonseca, Rua do Airão até a Praia da Engenhoca;500
Unidos do Chapadão;Ramos;09/02/2018;20:00;Travessa dos Campeões;Travessa dos Campeões, Avenida dos Campeões até o nº 1,Rua Sargento Gerreira, TV. Horácio, Rua João Romariz, TV. Sargento Gerreira  voltando a Travessa dos Campeões;800
Unidos da Travessa Miracema;Méier;10/02/2018;19:00;Travessa Miracema;Travessa Miracema, Rua Dias da Cruz até a Magalhães Couto, retornando pela Dias da Cruz até a Travessa Miracema;1200
Pinto Sarado;Santo Cristo;03/02/2018;17:00;Travessa Sara;Travessa Sara, Rua Atilia, Rua Orestes, Rua Sara, Rua Santo Cristo, Rua da América e Rua Barão da Gamboa.;1500
Bloco do Ipê;Tijuca;03/02/2018;17:00;Rua Alm. Cochrane 36;Vira na Rua Dulce até a Rua São Francisco Xavier retornando a origem.;150
Bicho Solto com Desculpa pra Beber;Humaitá;13/02/2018;19:00;Estacionamento da Cobal do Humaitá;Voluntários da Pátria, Rua Conde de Irajá, Largo dos Leões e Rua Marques;3000
É Tudo ou Nada?!;Humaitá;13/02/2018;12:00;Estacionamento da Cobal do Humaitá;Voluntários da Pátria, Rua Conde de Irajá, Largo dos Leões e Rua Marques;3000
